BOARDID,TRADEDATE,SHORTNAME,SECID,NUMTRADES,VALUE,LOW,HIGH,CLOSE,LEGALCLOSEPRICE,ACCINT,WAPRICE,YIELDCLOSE,OPEN,VOLUME,MARKETPRICE2,MARKETPRICE3,ADMITTEDQUOTE,MP2VALTRD,MARKETPRICE3TRADESVALUE,ADMITTEDVALUE,MATDATE,DURATION,YIELDATWAP,IRICPICLOSE,BEICLOSE,COUPONPERCENT,COUPONVALUE,BUYBACKDATE,LASTTRADEDATE,FACEVALUE,CURRENCYID,CBRCLOSE,YIELDTOOFFER,YIELDLASTCOUPON,OFFERDATE,FACEUNIT
EQOB,2015-01-14,МГор44-об,RU000A0E6TK0,1.0,1940000.0,97.0,97.0,97.0,97.0,4.03,97.0,14.73,97.0,2000.0,,97.55,,0.0,23827728.8,0.0,2015-06-24,161.0,14.73,,,,,,,1000.0,SUR,,,,,
EQOB,2015-01-14,ВТБ - 6 об,RU000A0JNGU3,2.0,53671000.0,95.5,95.5,95.5,95.5,1.78,95.5,20.8,95.5,56200.0,,95.52,,0.0,56035172.2,0.0,2016-07-06,173.0,20.8,,,,,,,1000.0,SUR,,,,,RUR
EQOB,2015-01-14,МГор48-об,RU000A0JNYN1,6.0,260670.0,61.0,63.0,61.0,61.0,6.52,61.05,16.07,61.0,427.0,,61.04,,0.0,850885.3,0.0,2022-06-11,1976.0,16.05,,,,,,,1000.0,SUR,,,,,RUB
EQOB,2015-01-14,ГСС 01,RU000A0JP518,6.0,857572.5,97.25,97.75,97.5,97.5,38.79,97.56,28.83,97.75,879.0,97.69,97.66,97.69,4339407.0,2223817.0,4339407.0,2017-03-26,64.0,28.4,,,,,,,1000.0,SUR,,,,,RUR
EQOB,2015-01-14,ДОМ.РФ10об,RU000A0JPJE6,13.0,1368960.15,96.0,96.03,96.03,96.0,6.62,96.0,10.05,96.0,2852.0,96.0,96.0,96.0,1368960.15,1368960.15,1368960.15,2018-11-15,905.0,10.06,,,,,,,500.0,SUR,,,,,RUB
EQOB,2015-01-14,МДМ Банк 8,RU000A0JPQA9,1.0,292500.0,97.5,97.5,97.5,97.5,23.92,97.5,21.31,97.5,300.0,97.5,97.5,97.5,2761200.0,2444325.0,2761200.0,2015-04-09,85.0,21.31,,,,,,,1000.0,SUR,,,,,
EQOB,2015-01-14,МГор56-об,RU000A0JPZ50,5.0,1499399.9,84.99,85.0,85.0,85.0,21.86,85.0,18.39,84.99,1764.0,,88.01,,0.0,3316244.6,0.0,2016-09-22,577.0,18.39,,,,,,,1000.0,SUR,,,,,RUR
EQOB,2015-01-14,РЖД-11обл,RU000A0JQ177,11.0,10638380.1,92.47,92.71,92.5,92.5,11.97,92.49,18.49,92.47,11502.0,92.49,92.49,92.49,10638380.1,10638380.1,10638380.1,2015-11-18,301.0,18.51,,,,,,,1000.0,SUR,,,,,
EQOB,2015-01-14,РЖД-14обл,RU000A0JQ4U0,13.0,2928921.8,98.11,98.39,98.25,98.25,21.29,98.39,16.44,98.38,2977.0,98.39,98.39,98.39,2928921.8,2928921.8,2928921.8,2015-04-07,83.0,15.73,,,,,,,1000.0,SUR,,,,,
EQOB,2015-01-14,РЖД-15 обл,RU000A0JQ6S9,5.0,751485.0,88.41,88.41,88.41,88.41,5.14,88.41,18.42,88.41,850.0,88.95,89.04,88.95,114908171.7,25220455.0,114908171.7,2016-06-20,500.0,18.42,,,,,,,1000.0,SUR,,,,,RUR
EQOB,2015-01-14,МТС 05,RU000A0JQ8Q9,23.0,554793.3,68.0,96.0,85.15,85.15,42.19,80.87,21.03,96.0,686.0,80.87,80.87,80.87,554793.3,554793.3,554793.3,2016-07-19,519.0,25.28,,,,,,,1000.0,SUR,,,,,RUR
EQOB,2015-01-14,ДОМ.РФ15об,RU000A0JQAM6,1.0,925000.0,92.5,92.5,92.5,92.5,35.64,92.5,75.11,92.5,1000.0,,92.68,,0.0,2855530.5,0.0,2028-09-15,60.0,75.11,,,,,,,1000.0,SUR,,,,,RUB
EQOB,2015-01-14,Транснф 02,RU000A0JQDV1,11.0,1082000.3,100.0,100.03,100.03,100.0,31.87,100.0,11.52,100.0,1082.0,100.0,100.0,100.0,1082000.3,1082000.3,1082000.3,2019-10-01,265.0,11.56,,,,,,,1000.0,SUR,,,,,RUR
EQOB,2015-01-14,РСХБ 9,RU000A0JQK72,2.0,1950.0,96.01,98.99,96.01,97.5,15.07,97.5,23.63,98.99,2.0,98.23,98.44,98.23,16682241.5,523682.0,16682241.5,2019-11-14,127.0,18.36,,,,,,,1000.0,SUR,,,,,RUB
EQOB,2015-01-14,Система-03,RU000A0JQL30,9.0,61646.0,77.05,79.0,79.0,79.0,11.51,78.03,24.59,78.02,79.0,79.01,79.01,79.01,143599934.7,142866061.2,143599934.7,2016-11-24,628.0,25.47,,,,,,,1000.0,SUR,,,,,RUR
EQOB,2015-01-14,РЖД-23 обл,RU000A0JQRD9,2.0,10005852.0,99.6,99.69,99.69,99.69,41.18,99.69,17.22,99.6,10037.0,99.39,99.41,99.39,93679194.3,37312169.2,93679194.3,2025-01-16,15.0,17.22,,,,,,,1000.0,SUR,,,,,RUB
EQOB,2015-01-14,РСХБ 10,RU000A0JQS09,1.0,26932500.0,99.75,99.75,99.75,99.75,36.17,99.75,12.86,99.75,27000.0,,99.35,,0.0,132501466.9,0.0,2020-01-29,21.0,12.86,,,,,,,1000.0,SUR,,,,,RUB
EQOB,2015-01-14,ЕврХолдФ 1,RU000A0JQTD5,5.0,1947592.6,98.07,98.4,98.38,98.38,28.05,98.31,18.96,98.4,1981.0,98.47,98.42,98.47,15538270.8,8747370.9,15538270.8,2020-03-13,65.0,19.43,,,,,,,1000.0,SUR,,,,,
EQOB,2015-01-14,АЛРОСА 20,RU000A0JQVK6,10.0,299560.6,92.5,98.5,98.5,98.5,5.39,93.32,13.1,96.01,321.0,,95.81,,0.0,4256680.6,0.0,2015-06-23,158.0,28.05,,,,,,,1000.0,SUR,,,,,
EQOB,2015-01-14,АЛРОСА 23,RU000A0JQX10,1.0,976.6,97.66,97.66,97.66,97.66,6.62,97.66,15.54,97.66,1.0,,98.43,,0.0,12791473.4,0.0,2015-06-18,153.0,15.54,,,,,,,1000.0,SUR,,,,,
EQOB,2015-01-14,ТПлюс 03,RU000A0JQZB6,24.0,644461.5,60.0,64.87,60.0,60.0,34.62,60.46,,64.87,1066.0,60.46,60.46,60.46,644461.5,644461.5,644461.5,2017-08-07,795.0,0.0,,,,,,,1000.0,SUR,,,,,RUR
EQOB,2015-01-14,Мечел 14об,RU000A0JR0J0,9.0,676720.8,49.5,50.02,50.0,50.0,36.71,49.98,230.7,49.95,1354.0,49.93,49.98,49.93,1331564.8,677240.8,1331564.8,2020-02-25,216.0,230.9,,,,,,,1000.0,SUR,,,,,RUB
EQOB,2015-01-14,Мечел 13об,RU000A0JR0K8,13.0,1107410.8,48.0,51.95,51.95,51.95,36.71,49.97,211.32,49.95,2216.0,49.97,49.97,49.97,1107410.8,1107410.8,1107410.8,2020-02-25,216.0,231.01,,,,,,,1000.0,SUR,,,,,RUB
EQOB,2015-01-14,ФСК ЕЭС-10,RU000A0JR217,1.0,550899.5,93.85,93.85,93.85,93.85,23.99,93.85,18.26,93.85,587.0,93.77,93.83,93.77,7736314.0,5769776.0,7736314.0,2020-09-15,246.0,18.26,,,,,,,1000.0,SUR,,,,,RUB
EQOB,2015-01-14,ВЭБ.РФ 06,RU000A0JR3H8,11.0,7927605.2,74.88,75.25,75.25,75.25,18.4,74.92,20.98,74.89,10582.0,74.92,74.92,74.92,7927605.2,7927605.2,7927605.2,2020-10-13,889.0,21.19,,,,,,,1000.0,SUR,,,,,RUB
EQOB,2015-01-14,ЕврХолдФ 2,RU000A0JR3P1,3.0,3816550.0,92.5,92.5,92.5,92.5,21.54,92.5,21.83,92.5,4126.0,92.04,92.08,92.04,13876877.2,12317435.1,13876877.2,2020-10-19,276.0,21.83,,,,,,,1000.0,SUR,,,,,
EQOB,2015-01-14,РВКФинанс3,RU000A0JR498,8.0,31808.7,60.0,97.43,97.0,97.0,17.1,93.56,14.0,97.43,34.0,,94.12,,0.0,1308232.3,0.0,2015-11-09,290.0,19.2,,,,,,,1000.0,SUR,,,,,
EQOB,2015-01-14,ТверОбл 10,RU000A0JR639,5.0,602195.1,92.0,92.2,92.2,92.2,4.39,92.0,19.12,92.0,1007.0,92.02,92.03,92.02,833238.9,812308.9,833238.9,2015-12-15,323.0,19.42,,,,,,,650.0,SUR,,,,,
EQOB,2015-01-14,ЕврофНедв1,RU000A0JR6N9,18.0,1620000.0,100.0,100.0,100.0,100.0,1.15,100.0,1.51,100.0,1620.0,100.0,100.0,100.0,1620000.0,1620000.0,1620000.0,2015-12-16,154.0,1.51,,,,,,,1000.0,SUR,,,,,
EQOB,2015-01-14,ЕврофНедв2,RU000A0JR6P4,10.0,1000000.0,100.0,100.0,100.0,100.0,1.11,100.0,1.5,100.0,1000.0,100.0,100.0,100.0,1000000.0,1000000.0,1000000.0,2015-12-17,155.0,1.5,,,,,,,1000.0,SUR,,,,,
EQOB,2015-01-14,Газпрнефт8,RU000A0JR852,4.0,3517.9,80.0,98.49,92.0,92.0,37.73,87.95,17.84,80.0,4.0,,92.61,,0.0,4643687.9,0.0,2016-02-02,360.0,23.11,,,,,,,1000.0,SUR,,,,,
EQOB,2015-01-14,РУСАЛБАл07,RU000A0JR9K9,2.0,900002.5,90.0,90.05,90.0,90.0,45.7,90.0,23.85,90.05,1000.0,,89.9,,0.0,944806.4,0.0,2018-02-22,374.0,23.85,,,,,,,1000.0,SUR,,,,,RUB
EQOB,2015-01-14,ЛСР БО-4,RU000A0JRB31,26.0,240632.9,56.03,90.0,90.0,90.0,27.25,77.87,28.15,80.11,309.0,,92.91,,0.0,46600202.9,0.0,2016-04-06,233.0,58.7,,,,,,,1000.0,SUR,,,,,
EQOB,2015-01-14,Система-04,RU000A0JRBU5,35.0,3032022.01,91.52,92.99,92.1,92.12,5.8,92.42,27.97,92.16,14216.0,92.42,92.42,92.42,3032022.01,3032022.01,3032022.01,2016-03-15,164.0,27.01,,,,,,,230.77,SUR,,,,,
EQOB,2015-01-14,ВЭБ.РФ 09,RU000A0JRCX7,1.0,144747.0,89.35,89.35,89.35,89.35,24.02,89.35,19.03,89.35,162.0,89.07,89.33,89.07,20917356.0,7976127.5,20917356.0,2021-03-18,413.0,19.03,,,,,,,1000.0,SUR,,,,,RUB
EQOB,2015-01-14,ПочтаРос01,RU000A0JRD47,1.0,24439747.5,99.75,99.75,99.75,99.75,30.96,99.75,11.51,99.75,24501.0,,99.55,,0.0,52485472.1,0.0,2016-03-22,69.0,11.51,,,,,,,1000.0,SUR,,,,,
EQOB,2015-01-14,РУСАЛБАл08,RU000A0JRF11,30.0,3835309.7,91.0,96.5,96.5,96.5,21.66,96.15,24.9,96.05,3989.0,96.15,96.15,96.15,3835309.7,3835309.7,3835309.7,2021-04-05,91.0,26.7,,,,,,,1000.0,SUR,,,,,RUB
EQOB,2015-01-14,КузбЭнрФ02,RU000A0JRFX0,7.0,214375.0,72.5,73.0,73.0,72.84,19.78,72.67,40.66,72.5,295.0,,71.98,,0.0,509605.0,0.0,2021-04-15,436.0,41.18,,,,,,,1000.0,SUR,,,,,RUR
EQOB,2015-01-14,Якут-10 об,RU000A0JRHB2,3.0,863968.0,93.1,93.1,93.1,93.1,9.41,93.1,18.2,93.1,1160.0,,96.21,,0.0,38316986.8,0.0,2016-05-20,287.0,18.2,,,,,,,800.0,SUR,,,,,RUR
EQOB,2015-01-14,Мечел 17об,RU000A0JRJS2,8.0,203965.7,32.03,35.99,32.07,32.07,9.44,32.12,156.61,32.04,635.0,33.43,33.43,33.43,554908.2,554908.2,554908.2,2021-05-27,463.0,156.31,,,,,,,1000.0,SUR,,,,,RUB
EQOB,2015-01-14,Мечел 19об,RU000A0JRJY0,1.0,340.0,34.0,34.0,34.0,34.0,8.28,34.0,143.68,34.0,1.0,,33.79,,0.0,717266.2,0.0,2021-06-01,470.0,143.68,,,,,,,1000.0,SUR,,,,,RUB
EQOB,2015-01-14,Дельта06,RU000A0JRK55,1.0,1800000.0,90.0,90.0,90.0,90.0,7.59,90.0,19.01,90.0,2000.0,,91.75,,0.0,4717716.0,0.0,2016-06-15,491.0,19.01,,,,,,,1000.0,SUR,,,,,RUR
EQOB,2015-01-14,ФСК ЕЭС-13,RU000A0JRL96,6.0,178890.0,67.0,67.0,67.0,67.0,3.49,67.0,17.9,67.0,267.0,66.49,66.49,66.49,1125702.6,1125702.6,1125702.6,2021-06-22,1721.0,17.9,,,,,,,1000.0,SUR,,,,,RUB
EQOB,2015-01-14,РСХБ 14,RU000A0JRLE8,4.0,29759741.5,94.5,95.99,94.7,94.7,1.69,95.99,20.87,95.99,31003.0,,97.17,,0.0,75543225.2,0.0,2021-06-29,174.0,17.49,,,,,,,1000.0,SUR,,,,,RUB
EQOB,2015-01-14,СТП 01,RU000A0JRTQ5,1.0,60015.0,120.03,120.03,120.03,120.03,27.12,120.03,-53.23,120.03,5.0,,120.07,,0.0,648380.0,0.0,2016-09-30,79.0,-53.23,,,,,,,10000.0,SUR,,,,,
EQOB,2015-01-14,ЕврофНедв3,RU000A0JRVM0,10.0,1000000.0,100.0,100.0,100.0,100.0,1.15,100.0,1.51,100.0,1000.0,100.0,100.0,100.0,1000000.0,1000000.0,1000000.0,2015-12-16,63.0,1.51,,,,,,,1000.0,SUR,,,,,
EQOB,2015-01-14,СПбТел 07,RU000A0JRVU3,2.0,304590.0,97.61,97.64,97.64,97.63,22.94,97.63,20.04,97.61,312.0,97.25,97.65,97.25,12243255.4,6845448.6,12243255.4,2022-04-05,90.0,20.09,,,,,,,1000.0,SUR,,,,,RUB
EQOB,2015-01-14,КостромОб6,RU000A0JRWS5,6.0,41002.5,94.0,94.5,94.0,94.0,5.01,94.48,18.44,94.5,124.0,93.27,95.19,93.27,910133.07,507727.5,910133.07,2016-11-17,292.0,17.7,,,,,,,350.0,SUR,,,,,RUR
EQOB,2015-01-14,ВТБ БО-03,RU000A0JS1M1,3.0,109855.0,99.5,99.9,99.5,99.5,7.47,99.87,12.96,99.6,110.0,99.47,99.47,99.47,644582.0,644582.0,644582.0,2015-03-17,62.0,10.54,,,,,,,1000.0,SUR,,,,,
EQOB,2015-01-14,ВТБ БО-04,RU000A0JS1P4,1.0,4962.5,99.25,99.25,99.25,99.25,7.47,99.25,14.63,99.25,5.0,99.09,99.09,99.09,512320.5,502400.5,512320.5,2015-03-17,62.0,14.63,,,,,,,1000.0,SUR,,,,,
EQOB,2015-01-14,ВТБ БО-07,RU000A0JS1U4,19.0,4702905.8,99.62,99.78,99.78,99.78,18.31,99.74,18.26,99.78,4715.0,99.74,99.74,99.74,4702905.8,4702905.8,4702905.8,2015-01-23,9.0,20.16,,,,,,,1000.0,SUR,,,,,
EQOB,2015-01-14,ГПБ БО-03,RU000A0JS322,2.0,345969.0,99.4,99.5,99.5,99.5,35.02,99.42,18.83,99.4,348.0,99.63,99.63,99.63,2050414.1,2050414.1,2050414.1,2015-02-01,18.0,20.72,,,,,,,1000.0,SUR,,,,,
EQOB,2015-01-14,Газпрнеф11,RU000A0JS3B0,1.0,936819.0,99.45,99.45,99.45,99.45,36.62,99.45,19.3,99.45,942.0,98.97,98.97,98.97,23753087.0,23753087.0,23753087.0,2022-01-25,20.0,19.3,,,,,,,1000.0,SUR,,,,,
EQOB,2015-01-14,УрлсбЛКБО6,RU000A0JS3N5,1.0,1657.26,99.0,99.0,99.0,99.0,1.69,99.0,27.78,99.0,20.0,,99.95,,0.0,1875923.71,0.0,2015-02-10,27.0,27.78,,,,,,,83.7,SUR,,,,,
EQOB,2015-01-14,Мечел БО-4,RU000A0JS3R6,5.0,32263.1,97.01,97.9,97.2,97.2,55.21,97.77,62.6,97.01,33.0,,95.57,,0.0,501734.8,0.0,2015-02-10,27.0,50.88,,,,,,,1000.0,SUR,,,,,
EQOB,2015-01-14,ГИДРОМАШС2,RU000A0JS3V8,6.0,140344.0,97.11,98.38,97.11,97.11,44.77,97.46,55.84,97.9,144.0,97.18,97.2,97.18,1227322.0,647359.0,1227322.0,2015-02-13,30.0,49.46,,,,,,,1000.0,SUR,,,,,
EQOB,2015-01-14,ТатфондБО4,RU000A0JS3X4,2.0,10913.1,99.21,99.21,99.21,99.21,46.63,99.21,21.0,99.21,11.0,,99.07,,0.0,509239.8,0.0,2015-02-17,34.0,21.0,,,,,,,1000.0,SUR,,,,,
EQOB,2015-01-14,ТрансаэрБ1,RU000A0JS4W4,90.0,16131377.7,93.8,94.98,94.0,94.0,45.89,94.24,76.45,94.05,17118.0,94.24,94.24,94.24,16131377.7,16131377.7,16131377.7,2015-03-03,48.0,73.21,,,,,,,1000.0,SUR,,,,,
EQDB,2015-01-14,МирСтрТех1,RU000A0JS587,1.0,30.9,3.09,3.09,3.09,3.09,16.42,3.09,429.62,3.09,1.0,,37.65,,0.0,680016.4,0.0,2019-06-25,248.0,429.62,,,,,,,1000.0,SUR,,,,,RUR
EQOB,2015-01-14,МЕТАЛИНВ 5,RU000A0JS5A7,3.0,1097247.0,98.15,98.7,98.6,98.6,29.84,98.23,18.37,98.7,1117.0,98.45,98.45,98.45,7188668.0,7188668.0,7188668.0,2022-03-07,61.0,20.98,,,,,,,1000.0,SUR,,,,,RUB
EQOB,2015-01-14,ВымпелКом1,RU000A0JS5E9,8.0,2394184.3,98.36,98.79,98.36,98.36,29.1,98.53,19.71,98.5,2430.0,98.53,98.53,98.53,2504758.7,2504758.7,2504758.7,2022-03-08,62.0,18.54,,,,,,,1000.0,SUR,,,,,RUB
EQOB,2015-01-14,ВымпелКом4,RU000A0JS5F6,1.0,3940000.0,98.5,98.5,98.5,98.5,29.1,98.5,18.74,98.5,4000.0,98.53,98.38,98.53,520639883.8,230948238.6,520639883.8,2022-03-08,62.0,18.74,,,,,,,1000.0,SUR,,,,,RUB
EQOB,2015-01-14,ВымпелКом2,RU000A0JS5M2,3.0,651082.1,98.21,98.5,98.21,98.36,27.64,98.5,19.69,98.5,661.0,98.21,98.64,98.21,6906153.3,2857554.1,6906153.3,2022-03-14,68.0,17.87,,,,,,,1000.0,SUR,,,,,RUB
EQOB,2015-01-14,РусСтд БО2,RU000A0JS5P5,14.0,451399.3,95.9,96.51,96.0,96.0,30.18,96.04,35.44,96.47,470.0,,96.12,,0.0,554622.9,0.0,2015-03-24,69.0,35.15,,,,,,,1000.0,SUR,,,,,
EQOB,2015-01-14,iРОСНАНО 5,RU000A0JS6T5,11.0,515000.3,103.0,103.03,103.03,103.0,25.18,103.0,,103.0,500.0,103.0,103.0,103.0,515000.3,515000.3,515000.3,2019-04-10,1477.0,0.0,,,,,,,1000.0,SUR,,,,,RUB
EQOB,2015-01-14,НефтАль 01,RU000A0JS6Z2,1.0,15000000.0,100.0,100.0,100.0,100.0,25.62,100.0,11.29,100.0,15000.0,,,,0.0,0.0,0.0,2022-04-27,1851.0,11.29,,,,,,,1000.0,SUR,,,,,RUR
EQOB,2015-01-14,СвязьБанк5,RU000A0JS710,11.0,1052000.3,100.0,100.03,100.03,100.0,23.42,100.0,9.48,100.0,1052.0,100.0,100.0,100.0,1052000.3,1052000.3,1052000.3,2022-04-07,92.0,9.61,,,,,,,1000.0,SUR,,,,,RUB
EQOB,2015-01-14,ТКСБанкБО4,RU000A0JS728,5.0,49250.0,98.3,98.7,98.3,98.4,27.12,98.5,18.76,98.7,50.0,,97.84,,0.0,516594.6,0.0,2015-04-16,92.0,17.83,,,,,,,1000.0,SUR,,,,,
EQDB,2015-01-14,ЮТэйрФБО-7,RU000A0JS7C9,1.0,8800.0,88.0,88.0,88.0,88.0,27.62,88.0,81.16,88.0,10.0,,85.14,,0.0,508313.4,0.0,2015-04-22,95.0,81.16,,,,,,,1000.0,SUR,,,,,
EQOB,2015-01-14,СУ-155 4об,RU000A0JS7D7,23.0,258392.5,90.0,95.0,90.0,90.01,24.63,92.28,56.8,94.63,280.0,,93.49,,0.0,512338.7,0.0,2015-05-18,124.0,45.95,,,,,,,1000.0,SUR,,,,,
EQOB,2015-01-14,МКБ БО-03,RU000A0JS7G0,5.0,4695490.0,96.75,97.0,96.75,96.76,20.35,96.81,22.83,97.0,4850.0,97.47,97.47,97.47,103972590.6,103921550.0,103972590.6,2015-04-27,103.0,22.57,,,,,,,1000.0,SUR,,,,,
EQOB,2015-01-14,НМТП БО-2,RU000A0JS7L0,1.0,4970.0,99.4,99.4,99.4,99.4,18.99,99.4,11.38,99.4,5.0,,99.4,,0.0,535762.0,0.0,2015-04-29,105.0,11.38,,,,,,,1000.0,SUR,,,,,
EQOB,2015-01-14,РусСтд БО6,RU000A0JS7N6,3.0,28415.4,92.06,96.0,92.06,92.15,17.95,94.72,43.36,96.0,30.0,,86.55,,0.0,1016949.7,0.0,2015-05-03,109.0,30.55,,,,,,,1000.0,SUR,,,,,
EQOB,2015-01-14,РусАкваБО1,RU000A0JS9W3,6.0,599010.8,96.0,96.5,96.02,96.02,7.84,96.46,24.28,96.01,621.0,96.36,96.4,96.36,765103.0,687340.4,765103.0,2015-06-23,160.0,23.0,,,,,,,1000.0,SUR,,,,,
EQOB,2015-01-14,РЖД-32 обл,RU000A0JSGV0,11.0,12501381.8,94.8,95.19,94.8,94.8,47.84,94.94,23.95,94.95,13168.0,94.94,94.94,94.94,12501381.8,12501381.8,12501381.8,2032-06-25,175.0,23.59,,,,,,,1000.0,SUR,,,,,RUB
EQOB,2015-01-14,РенКредБО2,RU000A0JSJW2,42.0,3890498.9,84.0,85.0,85.0,85.0,49.78,84.7,48.89,85.0,4593.0,84.7,84.7,84.7,3890498.9,3890498.9,3890498.9,2015-08-09,196.0,49.82,,,,,,,1000.0,SUR,,,,,
EQOB,2015-01-14,ФСК ЕЭС-22,RU000A0JSQ58,1.0,3811750.0,96.5,96.5,96.5,96.5,45.43,96.5,99.41,96.5,3950.0,,96.57,,0.0,17968565.2,0.0,2027-07-21,21.0,99.41,,,,,,,1000.0,SUR,,,,,RUB
EQOB,2015-01-14,ОткрФКББ03,RU000A0JSQF2,3.0,111650.0,95.0,99.0,99.0,97.09,47.18,97.09,26.93,99.0,115.0,,98.33,,0.0,644074.4,0.0,2015-08-09,26.0,64.78,,,,,,,1000.0,SUR,,,,,
EQOB,2015-01-14,СвязнойБ-1,RU000A0JSQK2,65.0,503460.8,65.23,69.94,67.95,67.95,52.6,66.33,124.11,65.38,759.0,66.33,66.33,66.33,503460.8,503460.8,503460.8,2015-08-06,190.0,133.97,,,,,,,1000.0,SUR,,,,,
EQOB,2015-01-14,ЛОКОБнкБО3,RU000A0JSRR5,7.0,14435.0,61.0,99.95,99.95,98.55,49.9,96.23,12.51,99.95,15.0,,,,0.0,0.0,0.0,2015-08-11,27.0,83.27,,,,,,,1000.0,SUR,,,,,
EQOB,2015-01-14,ОткрФКББ02,RU000A0JSTP5,4.0,186369.0,93.0,93.5,93.0,93.0,37.48,93.18,23.68,93.5,200.0,92.19,92.97,92.19,14491045.7,680535.2,14491045.7,2015-08-23,212.0,23.28,,,,,,,1000.0,SUR,,,,,
EQOB,2015-01-14,ОткрФКББ3,RU000A0JSTQ3,1.0,41710.0,97.0,97.0,97.0,97.0,36.49,97.0,15.09,97.0,43.0,,91.57,,0.0,605285.7,0.0,2015-08-23,213.0,15.09,,,,,,,1000.0,SUR,,,,,
EQOB,2015-01-14,НижгорОбл8,RU000A0JSVD7,3.0,1797171.5,87.65,88.5,88.5,88.5,37.78,88.49,18.27,87.65,2031.0,88.73,88.23,88.73,9772804.1,3712041.5,9772804.1,2017-08-29,575.0,18.28,,,,,,,1000.0,SUR,,,,,RUR
EQOB,2015-01-14,ПРББ-7,RU000A0JSWU9,1.0,1920.0,96.0,96.0,96.0,96.0,48.64,96.0,21.1,96.0,2.0,,91.27,,0.0,524827.6,0.0,2015-09-05,222.0,21.1,,,,,,,1000.0,SUR,,,,,
EQOB,2015-01-14,ВТБ БО-08,RU000A0JSX00,3.0,151121.2,95.0,95.74,95.0,95.0,8.99,95.65,17.12,95.74,158.0,98.08,98.17,98.08,19269299.7,18753483.7,19269299.7,2015-09-01,225.0,15.84,,,,,,,1000.0,SUR,,,,,
EQOB,2015-01-14,ПромсвбБО7,RU000A0JSXW3,1.0,1927.2,96.36,96.36,96.36,96.36,40.07,96.36,18.14,96.36,2.0,,96.69,,0.0,2427993.0,0.0,2015-09-06,225.0,18.14,,,,,,,1000.0,SUR,,,,,
EQOB,2015-01-14,РЕСО-Гар02,RU000A0JT1B3,3.0,2497.0,59.7,100.0,90.0,83.23,26.01,83.23,86.57,100.0,3.0,,98.8,,0.0,12344606.6,0.0,2022-09-13,69.0,178.78,,,,,,,1000.0,SUR,,,,,RUB
EQOB,2015-01-14,МКБ БО-02,RU000A0JT1F4,5.0,62794.9,91.0,91.01,91.01,91.01,26.91,91.01,24.88,91.01,69.0,96.2,96.31,96.2,622444.5,600948.7,622444.5,2015-09-25,246.0,24.88,,,,,,,1000.0,SUR,,,,,
EQOB,2015-01-14,ФСК ЕЭС-25,RU000A0JT2K2,5.0,86903405.1,75.5,92.0,90.0,90.0,24.98,86.9,16.07,75.5,100004.0,86.94,86.92,86.94,87724423.4,87107528.4,87724423.4,2027-09-14,574.0,18.61,,,,,,,1000.0,SUR,,,,,RUB
EQOB,2015-01-14,УБРиР БО-1,RU000A0JT2N6,1.0,72663.6,95.61,95.61,95.61,95.61,36.3,95.61,20.27,95.61,76.0,,97.65,,0.0,579040.7,0.0,2015-09-29,247.0,20.27,,,,,,,1000.0,SUR,,,,,
EQOB,2015-01-14,МетКомБО-5,RU000A0JT3S3,3.0,96065.0,91.0,91.5,91.5,91.5,27.8,91.49,24.94,91.5,105.0,,93.73,,0.0,1095732.9,0.0,2015-10-06,256.0,24.96,,,,,,,1000.0,SUR,,,,,
EQOB,2015-01-14,Акрон БО-1,RU000A0JT5E8,24.0,7466584.2,93.75,94.51,94.25,94.25,24.58,94.36,19.11,94.4,7913.0,94.36,94.36,94.36,7466584.2,7466584.2,7466584.2,2015-10-13,263.0,18.92,,,,,,,1000.0,SUR,,,,,
EQOB,2015-01-14,ТатфондБО6,RU000A0JT5M1,3.0,668874.0,95.7,96.3,95.8,95.75,31.0,95.83,19.34,96.3,698.0,95.71,95.82,95.71,716845.4,687048.0,716845.4,2015-10-13,261.0,19.29,,,,,,,1000.0,SUR,,,,,
EQOB,2015-01-14,ФСК ЕЭС-21,RU000A0JT7T2,1.0,4284.5,85.69,85.69,85.69,85.69,20.14,85.69,17.25,85.69,5.0,94.86,94.95,94.86,145543290.5,142458474.5,145543290.5,2027-10-06,746.0,17.25,,,,,,,1000.0,SUR,,,,,RUB
EQOB,2015-01-14,ФСК ЕЭС Б1,RU000A0JT7U0,1.0,9741.0,97.41,97.41,97.41,97.41,18.64,97.41,19.08,97.41,10.0,,97.26,,0.0,839494875.5,0.0,2015-10-21,98.0,19.08,,,,,,,1000.0,SUR,,,,,
EQOB,2015-01-14,РоссКап 03,RU000A0JT825,1.0,980.0,98.0,98.0,98.0,98.0,25.97,98.0,15.25,98.0,1.0,,99.67,,0.0,561161.0,0.0,2015-10-28,276.0,15.25,,,,,,,1000.0,SUR,,,,,
EQOB,2015-01-14,ПочтаРос02,RU000A0JT8N3,1.0,965.0,96.5,96.5,96.5,96.5,19.55,96.5,14.03,96.5,1.0,,95.61,,0.0,88704587.5,0.0,2019-10-18,274.0,14.03,,,,,,,1000.0,SUR,,,,,RUB
EQOB,2015-01-14,ВнешпрБО-2,RU000A0JT8X2,1.0,9500.0,95.0,95.0,95.0,95.0,27.62,95.0,20.69,95.0,10.0,,95.43,,0.0,515296.1,0.0,2015-10-26,274.0,20.69,,,,,,,1000.0,SUR,,,,,
EQOB,2015-01-14,ЛСР 04 обл,RU000A0JT8Z7,12.0,13826459.8,90.0,92.0,92.0,92.0,0.22,90.02,35.7,90.0,15360.0,90.02,90.02,90.02,13826459.8,13826459.8,13826459.8,2017-10-20,100.0,46.92,,,,,,,1000.0,SUR,,,,,RUR
EQOB,2015-01-14,РусфинБО-3,RU000A0JTA89,1.0,16150.0,95.0,95.0,95.0,95.0,23.2,95.0,19.38,95.0,17.0,,97.92,,0.0,40188431.0,0.0,2015-11-02,282.0,19.38,,,,,,,1000.0,SUR,,,,,
EQDB,2015-01-14,ЮТэйрФБO10,RU000A0JTBM8,5.0,12904.1,30.3,37.5,30.3,30.3,21.73,33.96,414.46,37.5,38.0,,59.45,,0.0,1184163.0,0.0,2015-11-13,268.0,344.46,,,,,,,1000.0,SUR,,,,,
EQOB,2015-01-14,Газпрнеф12,RU000A0JTDY9,2.0,175468.8,83.72,85.0,85.0,85.0,9.78,84.36,15.68,83.72,208.0,84.32,88.18,84.32,7289835.9,567868.8,7289835.9,2022-11-23,933.0,16.02,,,,,,,1000.0,SUR,,,,,RUB
EQOB,2015-01-14,О'КЕЙ-02,RU000A0JTFU2,8.0,4558674.8,89.4,90.0,89.4,89.4,8.02,89.42,24.95,90.0,5098.0,89.43,89.43,89.43,4607187.2,4607187.2,4607187.2,2017-12-12,326.0,24.92,,,,,,,1000.0,SUR,,,,,RUB
EQOB,2015-01-14,ЛенССМУ 02,RU000A0JTFX6,20.0,1234651.6,57.63,90.0,80.0,80.0,10.25,77.99,29.65,88.0,1583.0,77.99,77.99,77.99,1234651.6,1234651.6,1234651.6,2017-12-12,590.0,31.68,,,,,,,1000.0,SUR,,,,,RUB
EQOB,2015-01-14,ВосЭксБО10,RU000A0JTGU0,1.0,23640.0,98.5,98.5,98.5,98.5,8.74,98.5,18.95,98.5,24.0,,97.7,,0.0,534409.5,0.0,2015-12-22,160.0,18.95,,,,,,,1000.0,SUR,,,,,
EQOB,2015-01-14,ИА АТБ А,RU000A0JTHU8,1.0,530447.45,89.85,89.85,89.85,89.85,11.32,89.85,,89.85,1000.0,,91.21,,0.0,2208922.5,0.0,2045-04-26,12.0,0.0,,,,,,,590.37,SUR,,,,,RUB
EQOB,2015-01-14,БалтБерег1,RU000A0JTJ07,7.0,1974784.2,99.0,99.75,99.0,99.0,9.37,99.59,21.39,99.49,1983.0,99.34,99.56,99.34,3337943.9,2071804.2,3337943.9,2017-12-22,163.0,19.8,,,,,,,1000.0,SUR,,,,,RUR
EQOB,2015-01-14,ВТБ БО-21,RU000A0JTK20,5.0,443381.6,89.03,89.06,89.03,89.03,18.98,89.03,22.01,89.06,498.0,89.74,89.74,89.74,579742.5,579742.5,579742.5,2016-01-19,351.0,22.01,,,,,,,1000.0,SUR,,,,,
EQOB,2015-01-14,МикоянБО1,RU000A0JTKN7,11.0,417371.1,97.0,98.5,98.0,97.96,56.85,97.97,73.99,98.5,426.0,,98.21,,0.0,790626.7,0.0,2016-01-29,16.0,75.14,,,,,,,1000.0,SUR,,,,,
EQOB,2015-01-14,ТатфондБО7,RU000A0JTLE4,1.0,1973.0,98.65,98.65,98.65,98.65,50.1,98.65,36.94,98.65,2.0,,99.25,,0.0,49845828.5,0.0,2016-02-05,23.0,36.94,,,,,,,1000.0,SUR,,,,,
EQOB,2015-01-14,ГазпромК05,RU000A0JTNC4,1.0,42375000.0,84.75,84.75,84.75,84.75,30.2,84.75,17.12,84.75,50000.0,,84.97,,0.0,76271241.3,0.0,2017-02-16,693.0,17.12,,,,,,,1000.0,SUR,,,,,RUR
EQOB,2015-01-14,ГазпромК06,RU000A0JTND2,1.0,970.0,97.0,97.0,97.0,97.0,30.0,97.0,10.73,97.0,1.0,96.49,96.49,96.49,299097791.5,299096831.6,299097791.5,2016-02-18,380.0,10.73,,,,,,,1000.0,SUR,,,,,
EQOB,2015-01-14,СУ-155 5об,RU000A0JTNX0,45.0,3519029.4,88.41,95.0,91.9,91.9,51.18,92.05,131.42,92.28,3823.0,92.05,92.05,92.05,3519029.4,3519029.4,3519029.4,2016-02-23,41.0,128.26,,,,,,,1000.0,SUR,,,,,
EQOB,2015-01-14,СУ-155 6об,RU000A0JTNY8,3.0,186080.0,92.55,98.0,92.55,92.55,51.18,92.58,118.07,98.0,201.0,,92.3,,0.0,505798.7,0.0,2016-02-23,41.0,117.47,,,,,,,1000.0,SUR,,,,,
EQOB,2015-01-14,СУ-155 7об,RU000A0JTNZ5,8.0,2960704.9,91.7,95.0,92.0,92.0,51.18,92.9,129.31,92.25,3187.0,92.55,92.9,92.55,3953757.3,2962533.4,3953757.3,2016-02-23,41.0,111.23,,,,,,,1000.0,SUR,,,,,
EQOB,2015-01-14,Магнит 01,RU000A0JTP09,5.0,86460.0,91.0,91.5,91.5,91.5,32.84,91.01,17.95,91.0,95.0,90.69,93.06,90.69,16114510.8,5762983.6,16114510.8,2016-02-23,382.0,18.53,,,,,,,1000.0,SUR,,,,,
EQOB,2015-01-14,ЮнКрБанкБ8,RU000A0JTP33,5.0,4880450.0,98.89,99.0,99.0,99.0,31.48,98.99,17.99,98.89,4930.0,98.73,98.52,98.73,291629871.8,145069980.9,291629871.8,2016-02-23,41.0,18.09,,,,,,,1000.0,SUR,,,,,
EQOB,2015-01-14,РусСтд БО4,RU000A0JTPL0,3.0,127400.0,95.0,97.0,95.0,96.52,38.36,96.52,65.72,97.0,132.0,96.58,96.11,96.58,20215485.7,522819.1,20215485.7,2016-02-27,44.0,46.01,,,,,,,1000.0,SUR,,,,,
EQOB,2015-01-14,Лента 3 об,RU000A0JTQB9,5.0,356346.1,87.0,88.99,88.0,88.0,36.71,88.2,23.85,87.02,404.0,90.25,89.24,90.25,7775012.1,580929.5,7775012.1,2020-02-25,384.0,23.59,,,,,,,1000.0,SUR,,,,,RUB
EQOB,2015-01-14,МорскойБ 1,RU000A0JTQJ2,2.0,97500.0,97.5,97.5,97.5,97.5,41.9,97.5,33.71,97.5,100.0,,99.61,,0.0,18390857.8,0.0,2016-03-09,49.0,33.71,,,,,,,1000.0,SUR,,,,,
EQOB,2015-01-14,ВЭБЛиз 11,RU000A0JTQU9,2.0,94039475.8,93.99,94.0,94.0,94.0,30.74,94.0,11.62,93.99,100042.0,,93.86,,0.0,341962354.8,0.0,2018-03-01,815.0,11.62,,,,,,,1000.0,SUR,,,,,RUB
EQOB,2015-01-14,Роснефть07,RU000A0JTS06,1.0,850.0,85.0,85.0,85.0,85.0,25.64,85.0,14.5,85.0,1.0,,90.61,,0.0,541842.3,0.0,2023-03-10,1004.0,14.5,,,,,,,1000.0,SUR,,,,,RUB
EQOB,2015-01-14,Роснефть08,RU000A0JTS22,11.0,40150958.0,70.0,94.5,84.0,84.0,25.64,78.03,14.98,94.5,51457.0,78.03,78.03,78.03,40150958.0,40150958.0,40150958.0,2023-03-10,996.0,18.02,,,,,,,1000.0,SUR,,,,,RUB
EQOB,2015-01-14,ЦентрИнБО3,RU000A0JTSG4,1.0,795200.0,99.4,99.4,99.4,99.4,35.29,99.4,12.75,99.4,800.0,99.72,99.72,99.72,198263703.0,198263703.0,198263703.0,2016-03-23,242.0,12.75,,,,,,,1000.0,SUR,,,,,
EQOB,2015-01-14,МагнитБО-9,RU000A0JTT39,1.0,877.7,87.77,87.77,87.77,87.77,24.39,87.77,21.32,87.77,1.0,87.0,87.0,87.0,546390.3,529860.3,546390.3,2016-03-29,416.0,21.32,,,,,,,1000.0,SUR,,,,,
EQOB,2015-01-14,КрЕврБ-БО5,RU000A0JTVD5,2.0,2026200.0,96.3,96.95,96.95,96.95,22.41,96.49,23.02,96.3,2100.0,97.34,97.65,97.34,45878703.2,26491763.2,45878703.2,2016-04-19,95.0,25.24,,,,,,,1000.0,SUR,,,,,RUR
EQOB,2015-01-14,УБРиР БО-5,RU000A0JTVE3,1.0,2940000.0,98.0,98.0,98.0,98.0,28.65,98.0,20.88,98.0,3000.0,98.0,98.0,98.0,2980180.0,2953720.0,2980180.0,2020-04-10,93.0,20.88,,,,,,,1000.0,SUR,,,,,RUB
EQOB,2015-01-14,РСХБ 20,RU000A0JTVJ2,32.0,68529693.6,81.0,89.99,86.07,86.07,18.61,85.87,22.18,83.02,79806.0,85.87,85.87,85.87,68529693.6,68529693.6,68529693.6,2023-04-11,438.0,22.42,,,,,,,1000.0,SUR,,,,,RUB
EQOB,2015-01-14,УрлсбЛКБО8,RU000A0JTVT1,5.0,103041.2,82.0,95.0,95.0,82.06,12.51,82.07,21.14,83.0,251.0,,84.85,,0.0,524566.71,0.0,2016-04-21,200.0,55.44,,,,,,,500.2,SUR,,,,,RUR
EQOB,2015-01-14,ОткрХОЛ 5,RU000A0JTX09,1.0,1911000.0,91.0,91.0,91.0,91.0,21.04,91.0,16.45,91.0,2100.0,91.49,91.49,91.49,2263497.0,2260797.0,2263497.0,2028-04-25,982.0,16.45,,,,,,,1000.0,SUR,,,,,RUB
EQOB,2015-01-14,DOMO БО-01,RU000A0JTX33,1.0,20000.0,100.0,100.0,100.0,100.0,24.16,100.0,14.31,100.0,20.0,,100.0,,0.0,39971000.3,0.0,2016-05-11,119.0,14.31,,,,,,,1000.0,SUR,,,,,RUR
EQOB,2015-01-14,ДВМПБО-02,RU000A0JTY24,1.0,80500.0,80.5,80.5,80.5,80.5,12.08,80.5,30.24,80.5,100.0,,75.33,,0.0,515276.7,0.0,2017-11-28,473.0,30.24,,,,,,,1000.0,SUR,,,,,RUB
EQOB,2015-01-14,МЦемент01,RU000A0JTYS7,9.0,31022.5,80.05,95.85,90.0,90.4,14.44,88.64,49.81,80.05,35.0,,81.69,,0.0,559591.0,0.0,2016-06-09,148.0,55.45,,,,,,,1000.0,SUR,,,,,RUR
EQOB,2015-01-14,ЭФЭСк 01,RU000A0JTZ31,1.0,542000.0,100.0,100.0,100.0,100.0,10.53,100.0,13.91,100.0,542.0,,99.85,,0.0,32631552.6,0.0,2016-06-14,475.0,13.91,,,,,,,1000.0,SUR,,,,,RUR
EQDB,2015-01-14,ЮТэйрФБO11,RU000A0JTZ80,4.0,4030.0,35.0,40.0,35.0,36.64,8.55,36.64,,40.0,11.0,,59.93,,0.0,632888.7,0.0,2016-06-17,151.0,0.0,,,,,,,1000.0,SUR,,,,,
EQDB,2015-01-14,ЮТэйрФБO13,RU000A0JTZB0,5.0,5250.0,35.0,35.0,35.0,35.0,8.55,35.0,,35.0,15.0,,63.35,,0.0,504260.3,0.0,2016-06-17,151.0,0.0,,,,,,,1000.0,SUR,,,,,
EQOB,2015-01-14,Апт36и6БО2,RU000A0JTZH7,9.0,111642.3,80.05,96.0,96.0,96.0,8.44,86.54,25.5,85.07,129.0,94.16,97.59,94.16,3099640.0,1649227.3,3099640.0,2016-06-21,160.0,58.66,,,,,,,1000.0,SUR,,,,,RUR
EQOB,2015-01-14,ВнешпрБО-3,RU000A0JTZR6,3.0,139247.6,97.0,98.25,98.25,98.25,6.38,97.38,17.09,97.01,143.0,95.96,94.05,95.96,65882457.1,39432787.1,65882457.1,2018-06-22,163.0,19.43,,,,,,,1000.0,SUR,,,,,
EQOB,2015-01-14,ОткрФКББ05,RU000A0JTZT2,2.0,73343.0,96.5,96.8,96.5,96.5,3.45,96.5,19.59,96.8,76.0,,96.64,,0.0,1644815.4,0.0,2016-07-02,169.0,19.59,,,,,,,1000.0,SUR,,,,,RUR
EQOB,2015-01-14,ОткрФКББ02,RU000A0JU0N7,2.0,12581400.0,96.78,96.78,96.78,96.78,37.59,96.78,18.03,96.78,13000.0,,99.3,,0.0,360885359.8,0.0,2025-09-24,242.0,18.03,,,,,,,1000.0,SUR,,,,,RUB
EQOB,2015-01-14,НацСтдБО-2,RU000A0JU0U2,2.0,2024000.0,99.7,100.0,100.0,100.0,59.18,99.7,18.65,99.7,2030.0,,99.46,,0.0,26166127.0,0.0,2023-07-18,175.0,19.36,,,,,,,1000.0,SUR,,,,,RUB
EQOB,2015-01-14,ВостЭксБО7,RU000A0JU146,1.0,198000.0,99.0,99.0,99.0,99.0,50.15,99.0,21.39,99.0,200.0,99.21,99.24,99.21,7275258.0,6133150.0,7275258.0,2018-07-17,179.0,21.39,,,,,,,1000.0,SUR,,,,,RUB
EQOB,2015-01-14,Русфинан13,RU000A0JU195,3.0,2967.0,95.0,102.0,99.7,99.6,38.84,98.9,20.12,102.0,3.0,,99.19,,0.0,2888291.1,0.0,2018-07-18,182.0,22.01,,,,,,,1000.0,SUR,,,,,RUB
EQOB,2015-01-14,РенКредБО5,RU000A0JU1P0,12.0,450085.9,96.0,98.36,97.51,97.51,52.24,97.21,92.33,96.1,463.0,,98.25,,0.0,9398334.9,0.0,2018-07-30,16.0,105.6,,,,,,,1000.0,SUR,,,,,RUB
EQOB,2015-01-14,РСХБ 21,RU000A0JU1Q8,6.0,1891437.2,93.8,94.49,94.0,94.0,36.35,94.1,21.25,93.8,2010.0,94.31,94.17,94.31,9251437.2,7711487.2,9251437.2,2023-07-18,188.0,21.01,,,,,,,1000.0,SUR,,,,,RUB
EQOB,2015-01-14,О1пропфин1,RU000A0JU2F9,1.0,36660.0,78.0,78.0,78.0,78.0,52.6,78.0,33.18,78.0,47.0,75.58,80.11,75.58,50682262.0,16387675.0,50682262.0,2018-08-02,497.0,33.18,,,,,,,1000.0,SUR,,,,,RUB
EQOB,2015-01-14,ОткрХОЛ 6,RU000A0JU2N3,2.0,59220.1,98.7,98.71,98.7,98.7,19.96,98.7,31.79,98.71,60.0,98.17,99.37,98.17,47134934.7,6577141.5,47134934.7,2028-07-27,29.0,31.79,,,,,,,1000.0,SUR,,,,,RUB
EQOB,2015-01-14,АкБарс-БО3,RU000A0JU310,3.0,337072.0,98.6,99.2,98.6,98.6,35.4,98.85,25.0,99.2,341.0,98.45,98.89,98.45,87486990.3,12509120.8,87486990.3,2016-08-18,36.0,21.94,,,,,,,1000.0,SUR,,,,,RUR
EQOB,2015-01-14,СУЭК-Фин05,RU000A0JU336,2.0,18949.8,82.39,82.4,82.4,82.39,34.8,82.39,23.65,82.39,23.0,83.9,80.41,83.9,38292687.7,11764689.8,38292687.7,2023-08-10,532.0,23.66,,,,,,,1000.0,SUR,,,,,RUB
EQOB,2015-01-14,НижгорОбл9,RU000A0JU3B6,10.0,148372727.0,80.25,85.01,80.25,80.25,36.45,84.99,19.14,80.89,174574.0,84.99,84.99,84.99,148372727.0,148372727.0,148372727.0,2020-08-26,821.0,16.22,,,,,,,1000.0,SUR,,,,,RUB
EQOB,2015-01-14,МетКомБО-6,RU000A0JU575,1.0,72520.0,98.0,98.0,98.0,98.0,35.1,98.0,25.01,98.0,74.0,,98.2,,0.0,1272627.5,0.0,2016-09-08,57.0,25.01,,,,,,,1000.0,SUR,,,,,RUR
EQOB,2015-01-14,ТатфондБ11,RU000A0JU5G0,9.0,159562.1,93.1,94.0,94.0,93.31,40.44,93.31,23.58,93.11,171.0,99.45,99.44,99.45,2159149.7,2117170.5,2159149.7,2021-09-07,233.0,24.95,,,,,,,1000.0,SUR,,,,,RUR
EQOB,2015-01-14,УБРиР БО-8,RU000A0JU5N6,2.0,4913678.5,98.5,98.51,98.51,98.51,39.27,98.51,22.02,98.5,4988.0,,98.77,,0.0,10849276.9,0.0,2016-09-19,64.0,22.02,,,,,,,1000.0,SUR,,,,,RUR
EQOB,2015-01-14,КраснЯрКр7,RU000A0JU5U1,1.0,890.0,89.0,89.0,89.0,89.0,24.39,89.0,13.4,89.0,1.0,92.37,96.05,92.37,53584727.6,12096083.7,53584727.6,2018-09-19,858.0,13.4,,,,,,,1000.0,SUR,,,,,RUB
EQOB,2015-01-14,БанкБФА 01,RU000A0JU6B9,7.0,11159.3,92.99,93.0,92.99,92.99,37.03,92.99,25.41,93.0,12.0,,97.04,,0.0,964581.3,0.0,2016-09-27,247.0,25.41,,,,,,,1000.0,SUR,,,,,RUR
EQOB,2015-01-14,ВЭБ Б14,RU000A0JU6K0,2.0,48510.0,77.0,77.0,77.0,77.0,2.88,77.0,17.57,77.0,63.0,75.07,75.07,75.07,29750735.4,29483272.6,29750735.4,2018-09-27,1148.0,17.57,,,,,,,1000.0,SUR,,,,,RUB
EQOB,2015-01-14,ТатфондБО8,RU000A0JU732,12.0,3748383.6,94.0,98.0,97.1,97.1,31.36,95.52,26.54,94.01,3924.0,95.52,95.52,95.52,3748383.6,3748383.6,3748383.6,2016-10-06,85.0,35.47,,,,,,,1000.0,SUR,,,,,RUR
EQOB,2015-01-14,ТГК-2 БО-2,RU000A0JU7L6,18.0,856718.7,52.0,54.0,52.0,52.03,29.92,52.02,71.99,52.0,1647.0,52.02,52.02,52.02,856718.7,856718.7,856718.7,2019-04-26,454.0,71.94,,,,,,,1000.0,SUR,,,,,RUB
EQOB,2015-01-14,СмолОб2013,RU000A0JU7R3,25.0,3916504.9,81.0,82.1,81.18,81.54,20.97,81.78,21.75,82.0,4789.0,81.78,81.78,81.78,3916504.9,3916504.9,3916504.9,2018-10-20,654.0,21.26,,,,,,,1000.0,SUR,,,,,RUB
EQOB,2015-01-14,МКБ БО-06,RU000A0JU880,2.0,326688.9,92.27,92.3,92.3,92.29,20.11,92.29,21.1,92.27,354.0,89.43,95.71,89.43,33956881.5,4386538.9,33956881.5,2018-10-24,275.0,21.11,,,,,,,1000.0,SUR,,,,,RUB
EQDB,2015-01-14,РЖДвокзал1,RU000A0JU8A7,7.0,9054.9,62.0,69.5,69.5,65.21,28.08,64.68,42.03,69.5,14.0,,67.74,,0.0,545332.4,0.0,2016-10-21,549.0,48.66,,,,,,,1000.0,SUR,,,,,RUR
EQOB,2015-01-14,Мордовия01,RU000A0JU8Q3,4.0,34739.7,80.79,80.79,80.79,80.79,20.02,80.79,22.1,80.79,43.0,75.83,84.68,75.83,27814350.2,515724.7,27814350.2,2018-10-22,675.0,22.1,,,,,,,1000.0,SUR,,,,,RUB
EQOB,2015-01-14,Райфб-БО1,RU000A0JU8T7,1.0,146280.0,92.0,92.0,92.0,92.0,16.14,92.0,19.88,92.0,159.0,92.0,92.0,92.0,28120720.0,13176240.0,28120720.0,2018-10-29,281.0,19.88,,,,,,,1000.0,SUR,,,,,RUB
EQOB,2015-01-14,Пионер 01,RU000A0JU8V3,5.0,77056.9,88.01,90.25,88.01,88.35,30.59,88.57,76.45,90.25,87.0,,89.92,,0.0,503579.9,0.0,2016-10-26,105.0,72.73,,,,,,,1000.0,SUR,,,,,RUR
EQOB,2015-01-14,ТрансаэрБ3,RU000A0JU930,14.0,3814666.8,70.0,76.67,74.94,74.94,24.99,70.16,64.24,75.06,5437.0,70.16,70.16,70.16,3814666.8,3814666.8,3814666.8,2018-10-25,268.0,79.1,,,,,,,1000.0,SUR,,,,,RUR
EQOB,2015-01-14,ИА ИТБ 13А,RU000A0JU9Q1,1.0,680.17,85.0,85.0,85.0,85.0,14.21,85.0,,85.0,1.0,,97.96,,0.0,1345858.78,0.0,2046-08-03,20.0,0.0,,,,,,,800.2,SUR,,,,,RUB
EQOB,2015-01-14,ВЭБЛиз 13,RU000A0JU9T5,2.0,101414983.0,93.9,95.5,95.5,95.5,14.47,95.5,11.09,93.9,106197.0,,95.44,,0.0,101678495.5,0.0,2018-11-06,672.0,11.09,,,,,,,1000.0,SUR,,,,,RUB
EQOB,2015-01-14,РЖД-30 обл,RU000A0JUAH8,1.0,2542500.0,84.75,84.75,84.75,84.75,10.55,84.75,18.44,84.75,3000.0,85.1,85.08,85.1,656353868.6,9192038.2,656353868.6,2028-11-07,634.0,18.44,,,,,,,1000.0,SUR,,,,,RUB
EQOB,2015-01-14,iМСПБ БО4,RU000A0JUAL0,11.0,43517402.0,87.0,87.01,87.0,87.0,11.08,87.0,17.29,87.0,50020.0,87.0,87.0,87.0,43517402.0,43517402.0,43517402.0,2016-11-26,636.0,17.29,,,,,,,1000.0,SUR,,,,,RUR
EQOB,2015-01-14,КемерОбл13,RU000A0JUAZ0,4.0,192648.1,80.01,82.98,81.94,81.94,10.56,82.33,16.88,82.98,234.0,83.45,83.45,83.45,52639810.3,52639810.3,52639810.3,2018-11-28,943.0,16.67,,,,,,,1000.0,SUR,,,,,RUB
EQOB,2015-01-14,ИА ПСПб А,RU000A0JUCX1,1.0,500113.59,86.5,86.5,86.5,86.5,17.71,86.5,,86.5,692.0,,86.87,,0.0,942124.85,0.0,2041-07-15,1.0,0.0,,,,,,,835.5,SUR,,,,,RUB
EQOB,2015-01-14,ВЭБ.РФ Б04,RU000A0JUD83,4.0,25376.7,76.89,76.99,76.99,76.99,4.6,76.9,17.5,76.89,33.0,75.01,75.0,75.01,37879470.2,37549535.2,37879470.2,2018-12-20,1196.0,17.54,,,,,,,1000.0,SUR,,,,,RUB
EQOB,2015-01-14,ИА ТКБ-1 А,RU000A0JUDD1,1.0,457865.23,86.0,86.0,86.0,86.0,0.0,86.0,99.55,86.0,737.0,,88.51,,0.0,753326.45,0.0,2045-10-14,90.0,99.55,,,,,,,722.39,SUR,,,,,RUB
EQOB,2015-01-14,ОткрФКББ04,RU000A0JUFP0,3.0,2985491.7,99.3,99.87,99.45,99.45,49.97,99.45,19.45,99.87,3002.0,99.42,99.42,99.42,6423658.2,6319288.2,6423658.2,2020-02-07,30.0,19.45,,,,,,,1000.0,SUR,,,,,RUB
EQOB,2015-01-14,ИА АТБ 2 А,RU000A0JUG15,1.0,780281.9,91.69,91.69,91.69,91.69,16.79,91.69,,91.69,1000.0,,93.05,,0.0,1715248.36,0.0,2046-10-01,12.0,0.0,,,,,,,851.0,SUR,,,,,RUB
EQOB,2015-01-14,ОткрФКББ04,RU000A0JUGW4,1.0,197000.0,98.5,98.5,98.5,98.5,35.42,98.5,23.08,98.5,200.0,,98.19,,0.0,11357584.0,0.0,2017-02-28,45.0,23.08,,,,,,,1000.0,SUR,,,,,RUR
EQOB,2015-01-14,ЮнКрБанБ21,RU000A0JUMJ9,2.0,19698.0,98.49,98.49,98.49,98.49,14.35,98.49,14.66,98.49,20.0,98.98,98.96,98.98,1203635.7,510638.0,1203635.7,2019-05-17,128.0,14.66,,,,,,,1000.0,SUR,,,,,RUB
EQOB,2015-01-14,БашнфтБО5,RU000A0JUML5,11.0,675000.0,90.0,90.0,90.0,90.0,14.95,90.0,14.65,90.0,750.0,90.0,90.0,90.0,675000.0,675000.0,675000.0,2024-05-13,1156.0,14.65,,,,,,,1000.0,SUR,,,,,RUB
EQOB,2015-01-14,КраснЯрКр8,RU000A0JUMN1,5.0,73920.8,85.01,94.0,85.01,85.9,13.44,86.97,19.81,87.0,85.0,86.84,87.24,86.84,463774545.9,202466486.9,463774545.9,2018-07-08,789.0,18.57,,,,,,,1000.0,SUR,,,,,RUB
EQOB,2015-01-14,МарЭл2014,RU000A0JUMW2,5.0,172861.8,90.42,91.45,90.45,90.97,9.6,90.98,20.02,91.45,190.0,,96.6,,0.0,5314076.3,0.0,2018-07-07,503.0,19.52,,,,,,,1000.0,SUR,,,,,RUB
EQOB,2015-01-14,КрЕврБ-Б18,RU000A0JUPB9,1.0,285000.0,95.0,95.0,95.0,95.0,5.0,95.0,24.96,95.0,300.0,93.93,95.53,93.93,77737137.5,21422702.3,77737137.5,2017-06-26,166.0,24.96,,,,,,,1000.0,SUR,,,,,RUR
EQOB,2015-01-14,ИАСанр2А,RU000A0JUPF0,1.0,549171.67,90.0,90.0,90.0,90.0,3.49,90.0,,90.0,773.0,,90.36,,0.0,1001481.8,0.0,2046-02-28,14.0,0.0,,,,,,,789.38,SUR,,,,,RUB
EQOB,2015-01-14,ИАСанр1А,RU000A0JUPU9,1.0,530831.75,90.0,90.0,90.0,90.0,3.34,90.0,,90.0,761.0,,90.37,,0.0,1002695.54,0.0,2044-07-28,14.0,0.0,,,,,,,775.05,SUR,,,,,RUB
EQOB,2015-01-14,ЗенитБО-13,RU000A0JUPW5,2.0,181449.9,95.49,95.5,95.5,95.5,5.75,95.5,22.78,95.49,190.0,96.76,94.25,96.76,174773105.4,85013325.3,174773105.4,2024-06-13,162.0,22.78,,,,,,,1000.0,SUR,,,,,RUB
EQOB,2015-01-14,ГПБ БО-09,RU000A0JUQ39,5.0,20287115.0,92.5,93.0,92.5,92.5,4.73,92.5,19.4,93.0,21932.0,91.91,92.5,91.91,57719094.4,20432190.0,57719094.4,2024-06-27,338.0,19.4,,,,,,,1000.0,SUR,,,,,RUB
EQOB,2015-01-14,ИА МТСБ А,RU000A0JUQ54,13.0,67962720.0,84.0,84.0,84.0,84.0,11.4,84.0,16.36,84.0,100000.0,84.0,84.0,84.0,67962720.0,67962720.0,67962720.0,2041-11-26,2405.0,16.36,,,,,,,809.08,SUR,,,,,RUB
EQOB,2015-01-14,ВТБ БО-26,RU000A0JUQE1,2.0,17800000.0,89.0,89.0,89.0,89.0,3.92,89.0,19.63,89.0,20000.0,89.83,89.7,89.83,21867129.5,21367765.0,21867129.5,2020-06-23,498.0,19.63,,,,,,,1000.0,SUR,,,,,RUB
EQOB,2015-01-14,МКБ БО-11,RU000A0JUQR3,1.0,15980000.0,94.0,94.0,94.0,94.0,1.19,94.0,18.57,94.0,17000.0,94.0,94.0,94.0,16889920.0,16886160.0,16889920.0,2019-07-10,351.0,18.57,,,,,,,1000.0,SUR,,,,,RUB
EQOB,2015-01-14,Новсиб2014,RU000A0JUR46,1.0,45000.0,90.0,90.0,90.0,90.0,30.3,90.0,16.29,90.0,50.0,,96.57,,0.0,9936855.4,0.0,2019-10-08,955.0,16.29,,,,,,,1000.0,SUR,,,,,RUB
EQOB,2015-01-14,ЗапСиб БО4,RU000A0JUTJ4,1.0,24500.0,98.0,98.0,98.0,98.0,45.59,98.0,28.88,98.0,25.0,,98.69,,0.0,8144066.5,0.0,2017-09-04,54.0,28.88,,,,,,,1000.0,SUR,,,,,RUR
EQOB,2015-01-14,ГПБ БО-10,RU000A0JUV08,1.0,47650000.0,95.3,95.3,95.3,95.3,32.55,95.3,19.0,95.3,50000.0,94.89,94.85,94.89,164044944.4,105024318.0,164044944.4,2024-09-26,245.0,19.0,,,,,,,1000.0,SUR,,,,,RUB
EQOB,2015-01-14,ПЕРЕСВЕТБ1,RU000A0JUV32,9.0,7398790.0,96.1,96.6,96.6,96.59,5.34,96.39,22.56,96.1,7676.0,96.39,96.39,96.39,7399751.5,7399751.5,7399751.5,2017-10-07,166.0,23.14,,,,,,,1000.0,SUR,,,,,RUR
EQOB,2015-01-14,Дельта13ИП,RU000A0JUV81,1.0,870000.0,87.0,87.0,87.0,87.0,31.93,87.0,21.45,87.0,1000.0,86.11,86.1,86.11,1767809.9,1766800.0,1767809.9,2024-10-01,565.0,21.45,,,,,,,1000.0,SUR,,,,,RUB
EQOB,2015-01-14,ПромсвбБО6,RU000A0JUVF8,1.0,6721000.0,94.0,94.0,94.0,94.0,34.19,94.0,22.51,94.0,7150.0,93.49,93.85,93.49,148416348.6,41433828.6,148416348.6,2019-10-02,250.0,22.51,,,,,,,1000.0,SUR,,,,,RUB
EQOB,2015-01-14,КраснЯрКр9,RU000A0JUVM4,21.0,1208680.5,84.5,89.86,85.25,85.25,31.51,84.52,18.75,85.03,1430.0,84.52,84.52,84.52,1208680.5,1208680.5,1208680.5,2018-10-01,920.0,19.14,,,,,,,1000.0,SUR,,,,,RUB
EQOB,2015-01-14,ХМАО 09,RU000A0JUWB5,1.0,74691.7,89.99,89.99,89.99,89.99,28.73,89.99,16.98,89.99,83.0,90.06,90.03,90.06,14050898.7,13983348.7,14050898.7,2019-10-13,831.0,16.98,,,,,,,1000.0,SUR,,,,,RUB
EQOB,2015-01-14,ФолксвБ 09,RU000A0JUWR1,13.0,4706390.0,88.3,88.3,88.3,88.3,27.86,88.3,20.36,88.3,5330.0,88.3,88.3,88.3,4706390.0,4706390.0,4706390.0,2019-10-20,581.0,20.36,,,,,,,1000.0,SUR,,,,,RUR
EQOB,2015-01-14,ТранснфБО3,RU000A0JUXJ6,1.0,14400000.0,96.0,96.0,96.0,96.0,25.32,96.0,15.06,96.0,15000.0,96.69,96.65,96.69,452361505.1,430793157.6,452361505.1,2024-10-09,433.0,15.06,,,,,,,1000.0,SUR,,,,,RUR
EQOB,2015-01-14,РГСНедвБ03,RU000A0JUXM0,1.0,1000.0,100.0,100.0,100.0,100.0,25.01,100.0,11.16,100.0,1.0,,99.11,,0.0,534185.0,0.0,2017-10-19,99.0,11.16,,,,,,,1000.0,SUR,,,,,RUR
EQOB,2015-01-14,ЛадьяФ БО2,RU000A0JUYJ4,1.0,10000.0,100.0,100.0,100.0,100.0,22.36,100.0,12.34,100.0,10.0,,100.0,,0.0,493941600.0,0.0,2021-10-29,881.0,12.34,,,,,,,1000.0,SUR,,,,,RUB
EQOB,2015-01-14,РГСНедвБ04,RU000A0JV2D3,1.0,1000.0,100.0,100.0,100.0,100.0,9.86,100.0,12.3,100.0,1.0,,,,0.0,0.0,0.0,2017-12-11,152.0,12.3,,,,,,,1000.0,SUR,,,,,RUB
EQOB,2015-01-14,ГСС БО-04,RU000A0JV433,11.0,1032233.3,101.0,101.83,101.0,101.0,10.27,101.0,23.73,101.5,1022.0,101.0,101.0,101.0,1032233.3,1032233.3,1032233.3,2019-12-24,167.0,23.73,,,,,,,1000.0,SUR,,,,,RUB
EQOB,2015-01-14,ОФЗ 25075,SU25075RMFS1,10.0,6077872.96,96.14,97.9999,97.9999,96.96,0.0,96.2908,11.42,96.14,6312.0,96.2908,96.2908,96.2908,6077872.96,6077872.96,6077872.96,2015-07-15,182.0,15.43,,,,,,,1000.0,SUR,,,,,
EQOB,2015-01-14,ОФЗ 25077,SU25077RMFS7,8.0,4712059.5,91.4,93.0,93.0,93.0,35.24,92.4658,15.59,92.36,5096.0,92.3437,92.414,92.3437,17368011.85,6197284.5,17368011.85,2016-01-20,351.0,16.26,,,,,,,1000.0,SUR,,,,,
EQOB,2015-01-14,ОФЗ 25079,SU25079RMFS3,174.0,486448022.18,96.6502,97.14,97.1102,97.1234,8.05,97.046,15.53,96.6503,501255.0,97.0463,97.0463,97.0463,486954886.68,486954886.68,486954886.68,2015-06-03,140.0,15.73,,,,,,,1000.0,SUR,,,,,
TQOB,2015-01-14,ОФЗ 25079,SU25079RMFS3,5.0,506864.5,97.15,97.35,97.3,97.1234,8.05,97.2869,15.06,97.15,521.0,97.0463,97.0463,97.0463,486954886.68,486954886.68,486954886.68,2015-06-03,140.0,15.1,,,,,,,1000.0,SUR,,,,,
EQOB,2015-01-14,ОФЗ 25080,SU25080RMFS1,5.0,17214005.0,83.15,83.7,83.7,83.7,17.03,83.3003,16.94,83.5,20665.0,83.2922,83.2939,83.2922,17767898.09,17588335.0,17767898.09,2017-04-19,756.0,17.21,,,,,,,1000.0,SUR,,,,,RUR
EQOB,2015-01-14,ОФЗ 25081,SU25081RMFS9,14.0,38400959.0,75.0,79.0,79.0,79.0,27.35,76.1063,15.6,78.5001,50457.0,76.1063,76.1063,76.1063,38400174.0,38400174.0,38400174.0,2018-01-31,982.0,17.16,,,,,,,1000.0,SUR,,,,,RUB
EQOB,2015-01-14,ОФЗ 26203,SU26203RMFS8,7.0,158205278.5,87.5,88.0,88.0,88.0,30.44,87.8889,16.55,87.5,180006.0,87.4851,87.8888,87.4851,344820080.97,158236743.5,344820080.97,2016-08-03,528.0,16.64,,,,,,,1000.0,SUR,,,,,RUR
TQOB,2015-01-14,ОФЗ 26203,SU26203RMFS8,1.0,875.0,87.5,87.5,87.5,88.0,30.44,87.5,17.03,87.5,1.0,87.4851,87.8888,87.4851,344820080.97,158236743.5,344820080.97,2016-08-03,528.0,17.03,,,,,,,1000.0,SUR,,,,,RUR
EQOB,2015-01-14,ОФЗ 26204,SU26204RMFS6,5.0,19868997.5,78.75,79.25,79.25,79.2494,24.25,78.7671,16.76,79.0,25225.0,78.383,78.7758,78.383,41792253.5,20721187.5,41792253.5,2018-03-15,1005.0,17.01,,,,,,,1000.0,SUR,,,,,RUB
EQOB,2015-01-14,ОФЗ 26205,SU26205RMFS3,16.0,223779580.0,66.7,69.0,68.0,68.9091,17.49,67.4439,16.47,66.7,331801.0,67.426,67.426,67.426,377873504.0,377873504.0,377873504.0,2021-04-14,1705.0,16.67,,,,,,,1000.0,SUR,,,,,RUB
TQOB,2015-01-14,ОФЗ 26205,SU26205RMFS3,1.0,154093924.0,67.4,67.4,67.4,68.9091,17.49,67.4,16.69,67.4,228626.0,67.426,67.426,67.426,377873504.0,377873504.0,377873504.0,2021-04-14,1705.0,16.69,,,,,,,1000.0,SUR,,,,,RUB
EQOB,2015-01-14,ОФЗ 26206,SU26206RMFS1,46.0,401432990.33,81.9499,86.25,83.0,83.2969,5.68,82.3228,16.82,86.25,487633.0,82.3228,82.3228,82.3228,401432127.83,401432127.83,401432127.83,2017-06-14,812.0,17.25,,,,,,,1000.0,SUR,,,,,RUR
EQOB,2015-01-14,ОФЗ 26207,SU26207RMFS9,45.0,185480619.82,62.75,66.5,66.5,66.4375,32.82,64.6533,14.46,63.0003,286885.0,64.6531,64.6531,64.6531,185486619.84,185486619.84,185486619.84,2027-02-03,2365.0,14.93,,,,,,,1000.0,SUR,,,,,RUB
TQOB,2015-01-14,ОФЗ 26207,SU26207RMFS9,2.0,6000.02,60.0001,60.0001,60.0001,66.4375,32.82,60.0002,16.22,60.0001,10.0,64.6531,64.6531,64.6531,185486619.84,185486619.84,185486619.84,2027-02-03,2284.0,16.22,,,,,,,1000.0,SUR,,,,,RUB
EQOB,2015-01-14,ОФЗ 26208,SU26208RMFS7,9.0,37173484.82,73.0,74.5,74.5,74.5,27.33,74.098,16.87,73.0,50168.0,74.0197,74.0729,74.0197,40016521.83,38031234.82,40016521.83,2019-02-27,1242.0,17.05,,,,,,,1000.0,SUR,,,,,RUB
EQOB,2015-01-14,ОФЗ 26209,SU26209RMFS5,2.0,33667705.0,64.7,64.75,64.75,64.75,34.98,64.7481,16.39,64.7,51998.0,64.793,64.753,64.793,34127121.01,33756387.0,34127121.01,2022-07-20,1866.0,16.39,,,,,,,1000.0,SUR,,,,,RUB
EQOB,2015-01-14,ОФЗ 26210,SU26210RMFS3,3.0,70007690.0,68.5,69.0,68.5,68.5,5.22,68.5,17.05,68.5,102201.0,68.489,68.4897,68.489,71576449.0,71466969.0,71576449.0,2019-12-11,1482.0,17.05,,,,,,,1000.0,SUR,,,,,RUB
EQOB,2015-01-14,ОФЗ 26211,SU26211RMFS1,10.0,176758870.0,61.25,75.0995,64.0,69.55,30.87,61.9001,15.35,61.25,285555.0,61.9001,61.9001,61.9001,176758870.0,176758870.0,176758870.0,2023-01-25,1987.0,16.03,,,,,,,1000.0,SUR,,,,,RUB
EQOB,2015-01-14,ОФЗ 26212,SU26212RMFS9,32.0,41736666.4,56.4999,60.0,60.0,60.0,31.09,56.6743,14.19,56.4999,73643.0,56.6759,56.6759,56.6759,41773557.1,41773557.1,41773557.1,2028-01-19,2487.0,15.09,,,,,,,1000.0,SUR,,,,,RUB
TQOB,2015-01-14,ОФЗ 26212,SU26212RMFS9,6.0,36890.7,55.01,59.0,59.0,60.0,31.09,58.5567,14.46,59.0,63.0,56.6759,56.6759,56.6759,41773557.1,41773557.1,41773557.1,2028-01-19,2525.0,14.58,,,,,,,1000.0,SUR,,,,,RUB
EQOB,2015-01-14,ОФЗ 26215,SU26215RMFS2,11.0,38977788.5,60.9,63.0,63.0,63.0,26.85,61.6503,15.26,60.9,63224.0,61.6503,61.6503,61.6503,38977788.5,38977788.5,38977788.5,2023-08-16,2085.0,15.68,,,,,,,1000.0,SUR,,,,,RUB
EQOB,2015-01-14,ОФЗ 46017,SU46017RMFS8,2.0,1825.0,91.25,91.25,91.25,91.25,11.51,91.25,16.19,91.25,2.0,91.0621,90.9415,91.0621,9433121.0,4949947.8,9433121.0,2016-08-03,361.0,16.19,,,,,,,1000.0,SUR,,,,,RUR
EQOB,2015-01-14,ОФЗ 46020,SU46020RMFS2,2.0,72600.0,60.0,60.0,60.0,60.0,29.12,60.0,12.67,60.0,121.0,,63.569,,0.0,1697928.79,0.0,2036-02-06,3021.0,12.67,,,,,,,1000.0,SUR,,,,,RUB
EQOB,2015-01-14,ОФЗ 46022,SU46022RMFS8,9.0,80940.03,57.0,57.0006,57.0,57.0,28.77,57.0,15.87,57.0006,142.0,67.7775,67.5121,67.7775,586953.04,500940.03,586953.04,2023-07-19,2043.0,15.87,,,,,,,1000.0,SUR,,,,,RUB
