BOARDID,TRADEDATE,SHORTNAME,SECID,NUMTRADES,VALUE,OPEN,LOW,HIGH,LEGALCLOSEPRICE,WAPRICE,CLOSE,VOLUME,MARKETPRICE2,MARKETPRICE3,ADMITTEDQUOTE,MP2VALTRD,MARKETPRICE3TRADESVALUE,ADMITTEDVALUE,WAVAL
TQNE,2014-04-23,АбрауДюрсо,ABRD,20.0,295817.0,128.8,128.03,129.25,128.61,128.62,128.61,2300.0,,128.45,,0.0,500939.0,0.0,
TQNE,2014-04-23,АЭССЕЛЬао,AESL,4.0,268610.0,108.9,106.1,108.9,107.44,107.44,106.1,2500.0,106.91,106.71,106.91,737700.0,608220.0,737700.0,
TQBS,2014-04-23,Система ао,AFKS,2039.0,103938820.6,38.824,38.7,39.9,39.5,39.139,39.5,2655600.0,39.139,39.139,39.139,103938820.6,103938820.6,103938820.6,
SMAL,2014-04-23,Аэрофлот,AFLT,5.0,5121.96,51.6,51.21,51.6,,51.22,51.21,100.0,,,,0.0,0.0,0.0,
TQBR,2014-04-23,Аэрофлот,AFLT,2472.0,134517725.0,52.5,51.03,52.5,51.76,51.61,51.76,2606400.0,51.61,51.61,51.61,134402225.0,134402225.0,134402225.0,
TQNL,2014-04-23,Акрон,AKRN,316.0,9783495.9,1109.3,1087.5,1124.6,1120.3,1104.5,1120.3,8858.0,1104.5,1104.5,1104.5,9780168.0,9780168.0,9780168.0,
SMAL,2014-04-23,АЛРОСА ао,ALRS,5.0,893.13,37.368,36.05,37.368,,37.214,36.15,24.0,,,,0.0,0.0,0.0,
TQBR,2014-04-23,АЛРОСА ао,ALRS,2858.0,141670930.7,36.689,35.51,36.689,36.0,35.932,36.0,3942800.0,35.932,35.932,35.932,141670930.7,141670930.7,141670930.7,
SMAL,2014-04-23,АшинскийМЗ,AMEZ,1.0,18.0,4.501,4.501,4.501,,4.5,4.501,4.0,,,,0.0,0.0,0.0,
TQNL,2014-04-23,АшинскийМЗ,AMEZ,24.0,429591.1,5.996,5.681,6.28,5.815,5.79,6.28,74200.0,,5.802,,0.0,734586.3,0.0,
TQNL,2014-04-23,Аптеки36и6,APTK,144.0,1371600.8,14.59,14.26,14.59,14.5,14.46,14.5,94880.0,14.46,14.46,14.46,1371600.8,1371600.8,1371600.8,
TQNL,2014-04-23,Армада,ARMD,8.0,37409.4,116.69,116.69,118.49,118.49,116.9,118.49,320.0,,115.53,,0.0,516404.8,0.0,
TQNE,2014-04-23,Арсагера,ARSA,10.0,63726.3,0.7699,0.7367,0.78,0.749,0.7772,0.75,82000.0,,0.6913,,0.0,506011.0,0.0,
SMAL,2014-04-23,АВТОВАЗ ао,AVAZ,3.0,600.0,10.0,10.0,10.0,,10.0,10.0,60.0,,,,0.0,0.0,0.0,
TQNL,2014-04-23,АВТОВАЗ ао,AVAZ,34.0,272498.2,10.135,10.125,10.413,10.13,10.13,10.125,26900.0,,10.177,,0.0,500686.3,0.0,
TQNL,2014-04-23,АВТОВАЗ ап,AVAZP,164.0,666163.6,2.785,2.74,2.787,2.773,2.755,2.787,241800.0,2.755,2.755,2.755,666163.6,666163.6,666163.6,
TQDE,2014-04-23,Деликатесы,BGDE,1.0,100110.0,1.41,1.41,1.41,1.41,1.41,1.41,71000.0,,1.4093,,0.0,6582775.0,0.0,
SMAL,2014-04-23,БашИнСв ап,BISVP,2.0,1097.0,2.735,2.735,2.745,,2.743,2.745,400.0,,,,0.0,0.0,0.0,
TQNE,2014-04-23,БашИнСв ап,BISVP,6.0,339388.0,3.839,3.839,4.049,4.049,3.901,4.049,87000.0,,3.934,,0.0,767113.0,0.0,
TQNE,2014-04-23,Белон ао,BLNG,68.0,172914.1,3.187,2.954,3.225,3.126,3.104,3.041,55700.0,,3.067,,0.0,500518.7,0.0,
TQNE,2014-04-23,БурЗолото,BRZL,1.0,3350.0,335.0,335.0,335.0,335.0,335.0,335.0,10.0,,345.4,,0.0,1233093.0,0.0,
SMAL,2014-04-23,БСП ао,BSPB,1.0,30.4,30.4,30.4,30.4,,30.4,30.4,1.0,,,,0.0,0.0,0.0,
TQNL,2014-04-23,БСП ао,BSPB,108.0,402845.2,31.46,30.68,31.46,31.0,30.99,31.0,13000.0,,31.07,,0.0,510214.4,0.0,
TQNE,2014-04-23,ЧТПЗ ао,CHEP,1.0,11510.0,23.02,23.02,23.02,23.02,23.02,23.02,500.0,,22.86,,0.0,505222.0,0.0,
SMAL,2014-04-23,СевСт-ао,CHMF,6.0,5028.3,266.4,262.4,267.0,,264.6,263.7,19.0,,,,0.0,0.0,0.0,
TQBS,2014-04-23,СевСт-ао,CHMF,6465.0,325983626.0,264.5,261.0,267.8,264.4,264.9,264.4,1230790.0,264.9,264.9,264.9,325898986.0,325898986.0,325898986.0,
TQNE,2014-04-23,ЧМК ао,CHMK,12.0,8453.0,603.0,600.0,605.0,604.0,604.0,605.0,14.0,,577.0,,0.0,524076.0,0.0,
TQNL,2014-04-23,ЧЦЗ ао,CHZN,9.0,23829.9,148.99,148.0,151.02,148.0,148.94,148.0,160.0,,150.82,,0.0,1149222.4,0.0,
TQNE,2014-04-23,Телеграф,CNTL,2.0,2419.9,12.499,11.7,12.499,11.7,12.1,11.7,200.0,,11.873,,0.0,501032.2,0.0,
TQNE,2014-04-23,Телеграф-п,CNTLP,12.0,52489.9,5.7,5.603,5.991,5.836,5.898,5.836,8900.0,,5.677,,0.0,514345.8,0.0,
TQNE,2014-04-23,ДагСб ао,DASB,214.0,281160.7,0.01563,0.01321,0.01563,0.01385,0.01386,0.01385,20290000.0,,0.01424,,0.0,500139.9,0.0,
TQNE,2014-04-23,Дорогбж ап,DGBZP,7.0,476991.1,17.929,17.929,18.0,18.0,18.0,18.0,26500.0,17.859,17.97,17.859,1100116.6,510351.5,1100116.6,
TQNE,2014-04-23,iЗаводДИОД,DIOD,1.0,423.1,4.231,4.231,4.231,4.231,4.231,4.231,100.0,,4.52,,0.0,507116.9,0.0,
TQBR,2014-04-23,ДИКСИ ао,DIXY,399.0,5619267.5,326.0,321.54,328.0,322.96,323.69,323.0,17360.0,323.67,323.67,323.67,5567107.5,5567107.5,5567107.5,
TQNE,2014-04-23,Данильч ап,DNKOP,2.0,181350.0,40.3,40.3,40.3,40.3,40.3,40.3,4500.0,40.184,40.191,40.184,896102.0,823922.0,896102.0,
TQNL,2014-04-23,ДЭК ао,DVEC,5.0,215200.0,0.8,0.8,0.8,0.8,0.8,0.8,269000.0,0.8,0.8,0.8,1856784.5,502408.2,1856784.5,
TQNE,2014-04-23,iДонскЗР,DZRD,12.0,31155.4,625.1,625.0,700.0,700.0,635.8,700.0,49.0,,,,0.0,0.0,0.0,
SMAL,2014-04-23,Э.ОНРоссия,EONR,14.0,3536.78,2.4301,2.4301,2.432,,2.4308,2.432,1455.0,,,,0.0,0.0,0.0,
TQNL,2014-04-23,Э.ОНРоссия,EONR,1803.0,61837831.9,2.3545,2.3545,2.4692,2.445,2.4469,2.445,25272000.0,2.4471,2.4471,2.4471,61684789.4,61684789.4,61684789.4,
SMAL,2014-04-23,ФСК ЕЭС ао,FEES,13.0,1902.89,0.05955,0.05955,0.06501,,0.06114,0.06009,31121.0,,,,0.0,0.0,0.0,
TQNL,2014-04-23,ФСК ЕЭС ао,FEES,16412.0,420812611.0,0.06303,0.06027,0.06319,0.0606,0.06113,0.0606,6883340000.0,0.06113,0.06113,0.06113,420628563.4,420628563.4,420628563.4,
TQNL,2014-04-23,ДВМП ао,FESH,37.0,176637.0,3.199,3.06,3.199,3.185,3.099,3.185,57000.0,,3.16,,0.0,502097.9,0.0,
TQNE,2014-04-23,Форт ап,FORTP,2.0,134550.0,10.35,10.35,10.35,10.35,10.35,10.35,13000.0,10.554,10.551,10.554,738750.0,701650.0,738750.0,
TQNE,2014-04-23,FXAU ETF,FXAU,2.0,846880.0,1072.0,1072.0,1072.0,1072.0,1072.0,1072.0,790.0,1071.2,1070.8,1071.2,4235588.4,3809888.4,4235588.4,621998.74
TQBR,2014-04-23,FXCN ETF,FXCN,3.0,796535.0,1007.0,1005.0,1007.0,1005.0,1007.0,1005.0,791.0,1016.1,1014.1,1016.1,4047242.0,2430855.4,4047242.0,760465.43
TQBR,2014-04-23,FXDE ETF,FXDE,4.0,1007571.5,1214.0,1211.7,1214.0,1211.7,1213.9,1211.7,830.0,1200.7,1200.7,1200.7,2994476.7,2994476.7,2994476.7,766550.57
TQNE,2014-04-23,FXGD ETF,FXGD,5.0,828385.7,330.0,330.0,331.32,330.73,330.03,330.14,2510.0,330.99,330.26,330.99,1836994.9,941227.9,1836994.9,2232424.26
TQBR,2014-04-23,iFXIT ETF,FXIT,3.0,952344.0,1204.0,1200.0,1204.0,1200.0,1204.0,1200.0,791.0,1192.4,1191.7,1192.4,9287536.1,4780093.3,9287536.1,1783828.53
TQBR,2014-04-23,FXJP ETF,FXJP,3.0,787221.0,994.0,991.3,994.0,991.3,994.0,991.3,792.0,993.2,992.9,993.2,3899273.0,3508841.0,3899273.0,856995.26
TQBR,2014-04-23,FXRB ETF,FXRB,4.0,754707.8,941.0,941.0,945.3,945.3,941.0,945.3,802.0,942.6,942.6,942.6,32624076.8,32624076.8,32624076.8,1363108.38
TQBR,2014-04-23,FXRU ETF,FXRU,3.0,809776.1,3360.0,3360.0,3376.1,3376.1,3360.1,3376.1,241.0,3355.2,3345.7,3355.2,4412046.3,3262026.3,4412046.3,742208.6
TQBR,2014-04-23,FXUK ETF,FXUK,2.0,936096.0,1194.0,1194.0,1194.0,1194.7,1194.0,1194.0,784.0,1182.3,1182.1,1182.3,4673447.3,3732982.1,4673447.3,452641.83
TQNE,2014-04-23,FXUS ETF,FXUS,2.0,936144.0,1182.0,1182.0,1182.0,1182.0,1182.0,1182.0,792.0,1174.8,1175.2,1174.8,5620439.4,4079261.8,5620439.4,1795442.77
SMAL,2014-04-23,ГАЗПРОМ ао,GAZP,13.0,5582.68,130.25,128.24,130.32,,129.83,129.97,43.0,,,,0.0,0.0,0.0,
TQBS,2014-04-23,ГАЗПРОМ ао,GAZP,108895.0,6198138933.9,131.5,129.6,131.7,130.5,130.35,130.5,47551590.0,130.35,130.35,130.35,6196232183.9,6196232183.9,6196232183.9,
TQBR,2014-04-23,ЧеркизГ-ао,GCHE,13.0,197460.0,554.8,554.8,560.3,560.0,559.4,560.0,353.0,,559.6,,0.0,501357.4,0.0,
TQBS,2014-04-23,ГМКНорНик,GMKN,10811.0,1285760669.0,6407.0,6363.0,6443.0,6428.0,6403.0,6428.0,200814.0,6403.0,6403.0,6403.0,1285690192.0,1285690192.0,1285690192.0,
SMAL,2014-04-23,Разгуляй,GRAZ,2.0,289.04,5.88,5.88,5.9,,5.9,5.9,49.0,,,,0.0,0.0,0.0,
TQNE,2014-04-23,Разгуляй,GRAZ,383.0,2713392.0,6.5,5.9,6.53,6.2,6.1,6.2,444700.0,6.09,6.09,6.09,2637342.0,2637342.0,2637342.0,
TQNE,2014-04-23,GTL ао,GTLC,156.0,152062.6,0.1741,0.1603,0.1773,0.1765,0.1686,0.1765,902000.0,,0.1805,,0.0,500180.2,0.0,
TQNE,2014-04-23,ГлТоргПрод,GTPR,1969.0,9583000.7,2.243,2.173,2.7,2.25,2.381,2.25,4024600.0,2.381,2.381,2.381,9583000.7,9583000.7,9583000.7,
TQNE,2014-04-23,ГУМ,GUMM,2.0,7857.0,39.37,39.2,39.37,39.29,39.29,39.2,200.0,,42.97,,0.0,541454.0,0.0,
TQNL,2014-04-23,Галс-Девел,HALS,458.0,4337167.0,950.1,812.0,970.0,970.0,870.9,970.0,4980.0,870.9,870.9,870.9,4337167.0,4337167.0,4337167.0,
SMAL,2014-04-23,РусГидро,HYDR,13.0,2619.16,0.5404,0.5404,0.5437,,0.5426,0.5411,4827.0,,,,0.0,0.0,0.0,
TQBR,2014-04-23,РусГидро,HYDR,7958.0,150395672.3,0.5467,0.5357,0.5467,0.5409,0.5416,0.5409,277708000.0,0.5416,0.5416,0.5416,150368337.3,150368337.3,150368337.3,
TQBR,2014-04-23,РусГидр41D,HYDR-041D,6.0,65005.8,0.5418,0.5414,0.5427,0.5417,0.5417,0.5417,120000.0,,0.5492,,0.0,526679.6,0.0,
SMAL,2014-04-23,ИнтерРАОао,IRAO,18.0,4035.75,0.007623,0.007501,0.007855,,0.007567,0.007524,533301.0,,,,0.0,0.0,0.0,
TQBR,2014-04-23,ИнтерРАОао,IRAO,2085.0,54685587.9,0.007665,0.00756,0.007731,0.007633,0.007631,0.007633,7166500000.0,0.007631,0.007631,0.007631,54684821.4,54684821.4,54684821.4,
SMAL,2014-04-23,ИркЭнерго,IRGZ,1.0,11.0,5.5,5.5,5.5,,5.5,5.5,2.0,,,,0.0,0.0,0.0,
TQBS,2014-04-23,ИркЭнерго,IRGZ,109.0,1214461.6,6.811,6.503,6.911,6.788,6.688,6.845,181600.0,6.688,6.688,6.688,1214461.6,1214461.6,1214461.6,
TQNE,2014-04-23,ИРКУТ-3,IRKT,3.0,1612.8,5.379,5.373,5.379,5.376,5.376,5.373,300.0,,5.405,,0.0,500549.1,0.0,
SMAL,2014-04-23,iИСКЧ ао,ISKJ,1.0,164.04,8.202,8.202,8.202,,8.202,8.202,20.0,,,,0.0,0.0,0.0,
TQNE,2014-04-23,iИСКЧ ао,ISKJ,24.0,47952.4,13.598,13.5,14.4,13.538,13.701,13.532,3500.0,,13.711,,0.0,500450.1,0.0,
TQNE,2014-04-23,Славн-ЯНОС,JNOS,1.0,8500.0,17.0,17.0,17.0,17.0,17.0,17.0,500.0,,16.802,,0.0,524222.3,0.0,
TQNE,2014-04-23,Слав-ЯНОСп,JNOSP,12.0,579973.4,15.999,15.999,16.099,16.034,16.021,16.05,36200.0,16.021,16.021,16.021,579973.4,579973.4,579973.4,
TQNE,2014-04-23,ТНСэКубань,KBSB,5.0,20027.3,125.0,125.0,127.73,125.0,125.17,125.0,160.0,,115.67,,0.0,541313.1,0.0,
SMAL,2014-04-23,КузбТК ао,KBTK,1.0,41.0,41.0,41.0,41.0,,41.0,41.0,1.0,,,,0.0,0.0,0.0,
TQNL,2014-04-23,КузбТК ао,KBTK,37.0,1132816.3,68.0,65.0,68.0,66.57,66.99,66.57,16910.0,66.99,66.99,66.99,1132816.3,1132816.3,1132816.3,
TQNE,2014-04-23,КировЭС ап,KISBP,79.0,35726.8,0.022,0.02189,0.0221,0.0219,0.02192,0.0219,1630000.0,,0.02468,,0.0,503494.8,0.0,
TQBS,2014-04-23,КАМАЗ,KMAZ,31.0,343933.0,34.74,34.14,34.8,34.75,34.39,34.75,10000.0,,34.61,,0.0,532919.0,0.0,
TQNE,2014-04-23,КрасОкт-ао,KROT,1.0,6680.0,167.0,167.0,167.0,167.0,167.0,167.0,40.0,,162.85,,0.0,521106.3,0.0,
TQNE,2014-04-23,КрасОкт-1п,KROTP,1.0,1030.0,103.0,103.0,103.0,103.0,103.0,103.0,10.0,,100.15,,0.0,500732.0,0.0,
TQNE,2014-04-23,КраснГЭС,KRSG,53.0,222782.4,38.11,38.11,40.0,38.35,39.78,38.35,5600.0,,39.33,,0.0,500611.5,0.0,
TQNE,2014-04-23,Кубанэнр,KUBE,18.0,59661.9,61.18,58.34,61.18,60.52,59.07,60.48,1010.0,,60.51,,0.0,514961.4,0.0,
SMAL,2014-04-23,Кузбасэнрг,KZBE,4.0,246.16,0.03004,0.03004,0.035,,0.03006,0.035,8188.0,,,,0.0,0.0,0.0,
TQNE,2014-04-23,Кузбасэнрг,KZBE,9.0,3861.9,0.03853,0.0385,0.03876,0.0385,0.03862,0.0385,100000.0,,0.03881,,0.0,510025.8,0.0,
TQNE,2014-04-23,ОргСинт ао,KZOS,12.0,118150.9,6.4001,6.2002,6.975,6.6,6.5639,6.6,18000.0,,6.6558,,0.0,539116.8,0.0,
TQNE,2014-04-23,iФармсинтз,LIFE,6.0,23988.8,14.999,14.951,14.999,14.975,14.993,14.999,1600.0,,15.119,,0.0,503473.3,0.0,
TQBR,2014-04-23,ЛУКОЙЛ,LKOH,14267.0,1298098523.2,1879.1,1863.3,1882.9,1880.1,1873.2,1880.1,692986.0,1873.2,1873.2,1873.2,1296208148.6,1296208148.6,1296208148.6,
TQNE,2014-04-23,Лента др,LNTA,30.0,3952603.12,343.5,341.01,345.3,342.99,342.04,342.99,11556.0,342.04,342.04,342.04,3952603.12,3952603.12,3952603.12,
TQNE,2014-04-23,Лензолото,LNZL,22.0,418084.1,5779.8,5700.0,5779.8,5704.9,5727.2,5700.0,73.0,,5729.9,,0.0,538607.2,0.0,
TQNE,2014-04-23,Лензол. ап,LNZLP,28.0,182486.4,1749.9,1701.0,1750.0,1718.2,1721.6,1701.0,106.0,,1742.9,,0.0,507186.9,0.0,
TQNL,2014-04-23,Ленэнерго,LSNG,74.0,497702.2,2.805,2.72,2.805,2.778,2.748,2.778,181100.0,,2.749,,0.0,500786.4,0.0,
TQNL,2014-04-23,Ленэнерг-п,LSNGP,68.0,966109.4,15.501,15.501,16.38,15.99,15.942,16.0,60600.0,15.942,15.942,15.942,966109.4,966109.4,966109.4,
TQBR,2014-04-23,ЛСР ао,LSRG,219.0,7109212.7,506.1,505.0,512.0,510.8,508.0,510.8,13994.0,508.0,508.0,508.0,7109212.7,7109212.7,7109212.7,
TQNE,2014-04-23,iЛевенгук,LVHK,8.0,635060.0,10.95,10.95,11.02,11.02,10.987,11.02,57800.0,10.993,10.987,10.993,1227962.3,639441.5,1227962.3,
TQNE,2014-04-23,МагадЭн ап,MAGEP,3.0,3907.8,1.296,1.296,1.3148,1.3026,1.3026,1.3148,3000.0,,1.25,,0.0,512517.3,0.0,
SMAL,2014-04-23,ММК,MAGN,1.0,6.0,6.0,6.0,6.0,,6.0,6.0,1.0,,,,0.0,0.0,0.0,
TQNL,2014-04-23,ММК,MAGN,2471.0,59622989.0,6.001,5.932,6.068,6.019,5.993,6.019,9948600.0,5.993,5.993,5.993,59586983.0,59586983.0,59586983.0,
TQNL,2014-04-23,МегаФон ао,MFON,208.0,9883619.0,938.0,926.6,943.5,943.0,934.2,943.0,10580.0,934.2,934.2,934.2,9883619.0,9883619.0,9883619.0,
TQBR,2014-04-23,Магнит ао,MGNT,12995.0,1272370432.5,7680.0,7426.6,7694.0,7520.0,7534.1,7520.0,168882.0,7534.1,7534.1,7534.1,1272247552.5,1272247552.5,1272247552.5,
TQDE,2014-04-23,МедиаВиМ,MGVM,229.0,240762.2,0.537,0.525,0.586,0.578,0.562,0.586,428100.0,,0.553,,0.0,512259.5,0.0,
TQNE,2014-04-23,БМ-Банк,MMBM,1.0,4032.0,1008.0,1008.0,1008.0,1008.0,1008.0,1008.0,4.0,,1007.3,,0.0,503667.5,0.0,
TQNE,2014-04-23,ГазпрМНПЗ,MNPZ,9.0,98338.0,9513.0,9513.0,9998.0,9857.0,9834.0,9800.0,10.0,,9557.0,,0.0,898402.0,0.0,
TQNE,2014-04-23,МосОблБанк,MOBB,8.0,655693.0,61.2,61.11,61.49,61.29,61.28,61.11,10700.0,61.26,61.27,61.26,1114934.0,759703.0,1114934.0,
SMAL,2014-04-23,МосБиржа,MOEX,2.0,223.55,55.89,55.88,55.89,,55.89,55.88,4.0,,,,0.0,0.0,0.0,
TQBR,2014-04-23,МосБиржа,MOEX,4110.0,151508152.9,55.7,55.22,56.89,55.65,56.08,55.65,2701820.0,56.08,56.08,56.08,151508152.9,151508152.9,151508152.9,
TQNE,2014-04-23,Морион ао,MORI,3.0,5540.2,1.7702,1.77,2.0,2.0,1.8467,2.0,3000.0,,,,0.0,0.0,0.0,
SMAL,2014-04-23,Мотовил ао,MOTZ,1.0,1848.15,1.85,1.85,1.85,,1.85,1.85,999.0,,,,0.0,0.0,0.0,
SMAL,2014-04-23,МРСК Центр,MRKC,1.0,0.2,0.198,0.198,0.198,,0.2,0.198,1.0,,,,0.0,0.0,0.0,
TQBR,2014-04-23,МРСК Центр,MRKC,62.0,279288.3,0.1935,0.1921,0.1948,0.1936,0.1942,0.1936,1438000.0,,0.1945,,0.0,528097.1,0.0,
SMAL,2014-04-23,МРСК СК,MRKK,1.0,43.95,14.65,14.65,14.65,,14.65,14.65,3.0,,,,0.0,0.0,0.0,
TQNE,2014-04-23,МРСК СК,MRKK,88.0,71358.9,15.09,14.89,15.12,15.05,14.99,15.12,4760.0,,15.08,,0.0,559175.1,0.0,
SMAL,2014-04-23,МРСК ЦП,MRKP,1.0,115.15,0.0703,0.0703,0.0703,,0.0703,0.0703,1638.0,,,,0.0,0.0,0.0,
TQBS,2014-04-23,МРСК ЦП,MRKP,7.0,189225.7,0.073,0.072,0.073,0.07289,0.0725,0.07289,2610000.0,,0.07319,,0.0,529178.8,0.0,
TQBS,2014-04-23,МРСК Ур,MRKU,8.0,29666.9,0.04373,0.04373,0.0445,0.04447,0.04428,0.04447,670000.0,,0.04496,,0.0,634393.4,0.0,
TQBS,2014-04-23,МРСКВол,MRKV,169.0,233825.8,0.017,0.01671,0.01712,0.01697,0.01691,0.01709,13830000.0,,0.01686,,0.0,696975.1,0.0,
SMAL,2014-04-23,МРСКЮга ао,MRKY,3.0,371.09,0.0226,0.0226,0.02319,,0.02278,0.02301,16289.0,,,,0.0,0.0,0.0,
TQNL,2014-04-23,МРСКЮга ао,MRKY,27.0,78786.5,0.02293,0.0229,0.02333,0.02333,0.02304,0.02333,3420000.0,,0.02316,,0.0,515965.9,0.0,
TQBS,2014-04-23,МРСК СЗ,MRKZ,20.0,31338.3,0.02567,0.0256,0.02599,0.02599,0.02569,0.02599,1220000.0,,0.02651,,0.0,8295161.2,0.0,
TQNE,2014-04-23,МордЭнСб,MRSB,50.0,1816880.4,0.09,0.089,0.1072,0.1,0.09966,0.1,18230000.0,0.09966,0.09966,0.09966,1816880.4,1816880.4,1816880.4,
SMAL,2014-04-23,+МосЭнерго,MSNG,7.0,908.62,0.7388,0.7388,0.7599,,0.7423,0.7391,1224.0,,,,0.0,0.0,0.0,
TQBR,2014-04-23,+МосЭнерго,MSNG,225.0,16097038.6,0.7454,0.7454,0.7544,0.75,0.7501,0.7499,21460000.0,0.7501,0.7501,0.7501,16084366.8,16084366.8,16084366.8,
SMAL,2014-04-23,МОЭСК,MSRS,6.0,1903.51,1.0307,1.0307,1.1306,,1.0965,1.1306,1736.0,,,,0.0,0.0,0.0,
TQBR,2014-04-23,МОЭСК,MSRS,15.0,36161.2,1.1315,1.1241,1.1405,1.1325,1.13,1.1325,32000.0,,1.1525,,0.0,503633.9,0.0,
SMAL,2014-04-23,МосЭС ао,MSSB,1.0,400.32,0.2224,0.2224,0.2224,,0.2224,0.2224,1800.0,,,,0.0,0.0,0.0,
TQNL,2014-04-23,МосЭС ао,MSSB,12.0,83141.0,0.2398,0.237,0.2398,0.238,0.2375,0.238,350000.0,,0.2395,,0.0,503022.0,0.0,
TQNE,2014-04-23,МультиСис,MSST,26.0,319821.0,16.15,16.15,16.153,16.153,16.153,16.153,19800.0,,16.153,,0.0,503965.2,0.0,
TQBS,2014-04-23,Мостотрест,MSTT,311.0,7171321.8,94.04,75.66,94.98,93.96,92.11,94.0,77860.0,92.11,92.11,92.11,7171321.8,7171321.8,7171321.8,
TQBR,2014-04-23,Мечел ао,MTLR,1243.0,36485156.7,39.4,38.4,39.4,39.2,38.9,39.2,938678.0,38.9,38.9,38.9,36445756.7,36445756.7,36445756.7,
TQBR,2014-04-23,Мечел ап,MTLRP,1058.0,3164409.8,26.2,26.07,26.93,26.24,26.65,26.24,118760.0,26.65,26.65,26.65,3164409.8,3164409.8,3164409.8,
TQBR,2014-04-23,МТС-ао,MTSS,11757.0,1038729954.6,258.6,255.88,259.51,258.0,257.5,258.0,4033850.0,257.5,257.5,257.5,1038701508.6,1038701508.6,1038701508.6,
TQBS,2014-04-23,М.видео,MVID,323.0,8334591.9,226.81,222.0,227.87,227.0,225.5,227.0,36960.0,225.5,225.5,225.5,8334591.9,8334591.9,8334591.9,
SMAL,2014-04-23,НКНХ ао,NKNC,1.0,92.8,23.2,23.2,23.2,,23.2,23.2,4.0,,,,0.0,0.0,0.0,
TQBS,2014-04-23,НКНХ ао,NKNC,5.0,16833.6,24.001,23.997,24.197,23.997,24.048,23.997,700.0,,23.572,,0.0,551577.0,0.0,
TQBS,2014-04-23,НКНХ ап,NKNCP,60.0,423386.3,16.999,16.841,17.048,16.989,16.935,16.989,25000.0,,16.944,,0.0,501547.0,0.0,
SMAL,2014-04-23,НЛМК ао,NLMK,1.0,168.6,42.15,42.15,42.15,,42.15,42.15,4.0,,,,0.0,0.0,0.0,
TQNL,2014-04-23,НЛМК ао,NLMK,2842.0,62947509.0,43.09,42.57,43.24,43.09,42.94,43.09,1465830.0,42.94,42.94,42.94,62947509.0,62947509.0,62947509.0,
TQBR,2014-04-23,ОткрФКБ ао,NMOS,20.0,8996790.0,879.0,879.0,884.0,882.9,881.4,882.9,10207.0,881.4,881.4,881.4,8996790.0,8996790.0,8996790.0,
TQNL,2014-04-23,НМТП ао,NMTP,308.0,4156541.9,2.3318,2.2504,2.41,2.3998,2.299,2.3999,1808000.0,2.299,2.299,2.299,4156541.9,4156541.9,4156541.9,
TQNE,2014-04-23,ТНСэнНН ао,NNSB,2.0,73062.0,716.0,716.0,731.0,731.0,716.3,731.0,102.0,,740.9,,0.0,649734.0,0.0,
TQNE,2014-04-23,ТНСэнНН ап,NNSBP,11.0,134668.5,720.1,720.0,741.0,741.0,731.9,741.0,184.0,,743.9,,0.0,502861.2,0.0,
SMAL,2014-04-23,Новатэк ао,NVTK,1.0,2036.04,339.34,339.34,339.34,,339.34,339.34,6.0,,,,0.0,0.0,0.0,
TQBR,2014-04-23,Новатэк ао,NVTK,9697.0,615824038.5,345.87,340.1,345.87,341.0,342.32,341.0,1798970.0,342.32,342.32,342.32,615824038.5,615824038.5,615824038.5,
TQNE,2014-04-23,Медиахолд,ODVA,147.0,672163.7,0.269,0.237,0.269,0.24,0.2429,0.24,2767000.0,0.2429,0.2429,0.2429,671894.7,671894.7,671894.7,
SMAL,2014-04-23,ОГК-2 ао,OGKB,9.0,385.48,0.2115,0.2115,0.2116,,0.2116,0.2116,1822.0,,,,0.0,0.0,0.0,
TQNL,2014-04-23,ОГК-2 ао,OGKB,1642.0,17656801.0,0.2126,0.2117,0.214,0.2124,0.2128,0.2121,82983000.0,0.2128,0.2128,0.2128,17644682.8,17644682.8,17644682.8,
SMAL,2014-04-23,ЭнелРос ао,OGKE,7.0,1323.03,0.8251,0.8251,0.8255,,0.8253,0.8255,1603.0,,,,0.0,0.0,0.0,
TQBR,2014-04-23,ЭнелРос ао,OGKE,122.0,1881834.7,0.8342,0.821,0.8578,0.8493,0.839,0.8493,2243000.0,0.839,0.839,0.839,1881834.7,1881834.7,1881834.7,
TQNL,2014-04-23,ИНГРАД ао,OPIN,210.0,247582.7,246.0,240.3,267.8,257.6,250.3,257.6,989.0,,250.6,,0.0,549572.0,0.0,
TQNE,2014-04-23,ПавлАвт ао,PAZA,11.0,24610.0,135.2,126.1,194.0,182.4,144.8,194.0,170.0,,,,0.0,0.0,0.0,
TQBR,2014-04-23,ФосАгро ао,PHOR,929.0,6593166.4,1245.5,1230.2,1276.7,1257.8,1240.0,1257.8,5317.0,1240.0,1240.0,1240.0,6591920.9,6591920.9,6591920.9,
TQNL,2014-04-23,Фармстанд,PHST,143.0,1144130.8,1311.0,1271.2,1373.2,1282.9,1331.9,1271.2,859.0,1331.9,1331.9,1331.9,1144130.8,1144130.8,1144130.8,
TQBR,2014-04-23,ПИК ао,PIKK,215.0,2557637.2,84.95,83.0,85.12,83.91,83.69,83.96,30560.0,83.69,83.69,83.69,2557637.2,2557637.2,2557637.2,
TQNE,2014-04-23,Плазмек,PLSM,1.0,4724.0,4.724,4.724,4.724,4.724,4.724,4.724,1000.0,4.629,4.081,4.629,11067937.0,579497.0,11067937.0,
TQNE,2014-04-23,Полюс,PLZL,522.0,3265548.2,543.9,530.0,544.9,532.0,536.3,532.0,6089.0,536.3,536.3,536.3,3265548.2,3265548.2,3265548.2,
TQNE,2014-04-23,ПермьЭнСб,PMSB,3.0,65498.8,50.0,49.88,50.0,49.88,50.0,49.88,1310.0,,50.1,,0.0,555654.6,0.0,
TQBR,2014-04-23,Polymetal,POLY,258.0,4813372.43,369.94,362.71,370.21,365.44,364.62,365.0,13201.0,364.62,364.62,364.62,4813372.43,4813372.43,4813372.43,
TQDE,2014-04-23,ПроектИ ао,PRIN,811.0,1335040.9,0.129,0.123,0.169,0.157,0.142,0.158,9379100.0,0.142,0.142,0.142,1335040.9,1335040.9,1335040.9,
TQNL,2014-04-23,ПРОТЕК ао,PRTK,14.0,79114.0,39.76,39.32,39.76,39.75,39.56,39.75,2000.0,,39.33,,0.0,515260.0,0.0,
TQNE,2014-04-23,iQIWI,QIWI,12.0,481903.0,1140.0,1140.0,1171.9,1169.9,1169.7,1169.9,412.0,,1169.9,,0.0,500738.1,0.0,
SMAL,2014-04-23,Распадская,RASP,1.0,36.0,18.0,18.0,18.0,,18.0,18.0,2.0,,,,0.0,0.0,0.0,
TQNL,2014-04-23,Распадская,RASP,1106.0,14870818.3,18.49,18.25,18.61,18.34,18.4,18.34,808060.0,18.4,18.4,18.4,14870818.3,14870818.3,14870818.3,
TQNL,2014-04-23,РБК ао,RBCM,89.0,146753.1,4.165,3.987,4.165,4.001,4.021,4.0,36500.0,,3.998,,0.0,508883.9,0.0,
TQNE,2014-04-23,РегБР ао,REBR,13.0,49687.1,4.6,3.45,4.992,4.7,4.106,4.7,12100.0,,4.771,,0.0,515799.1,0.0,
TQNE,2014-04-23,ЭнергияРКК,RKKE,3.0,109200.0,3900.0,3900.0,3900.0,3900.0,3900.0,3900.0,28.0,3900.0,3901.0,3900.0,846396.0,651396.0,846396.0,
TQNE,2014-04-23,iРоллман,RLMN,38.0,435906.2,369.4,369.38,369.45,369.42,369.41,369.42,1180.0,,369.4,,0.0,502378.4,0.0,
TQNE,2014-04-23,РНТ,RNAV,26.0,145415.0,15.67,14.2,16.29,15.76,15.47,15.76,9400.0,,15.77,,0.0,501486.0,0.0,
TQNE,2014-04-23,Родина ап,RODNP,2.0,102240.0,28.4,28.4,28.4,28.4,28.4,28.4,3600.0,28.437,28.437,28.437,534622.0,534622.0,534622.0,
TQNE,2014-04-23,Росбанк ао,ROSB,17.0,17758.0,42.78,41.0,42.78,41.0,41.3,41.0,430.0,,41.93,,0.0,641159.6,0.0,
SMAL,2014-04-23,Роснефть,ROSN,18.0,16915.7,228.71,228.0,230.0,,228.59,228.0,74.0,,,,0.0,0.0,0.0,
TQNL,2014-04-23,Роснефть,ROSN,10090.0,701637612.9,230.34,228.08,230.34,228.17,228.87,228.17,3065610.0,228.87,228.87,228.87,701591544.9,701591544.9,701591544.9,
TQNL,2014-04-23,РОСИНТЕРао,ROST,20.0,247614.0,71.3,71.3,74.0,74.0,73.5,74.0,3370.0,,73.9,,0.0,522205.0,0.0,
TQNL,2014-04-23,РусАква ао,RSEA,41.0,806223.0,33.0,33.0,38.0,37.0,36.15,37.0,22300.0,36.15,36.15,36.15,806223.0,806223.0,806223.0,
SMAL,2014-04-23,Россети ао,RSTI,3.0,846.18,0.479,0.474,0.479,,0.476,0.474,1777.0,,,,0.0,0.0,0.0,
TQNL,2014-04-23,Россети ао,RSTI,2273.0,85240817.0,0.484,0.473,0.484,0.474,0.477,0.474,178612000.0,0.477,0.477,0.477,85240333.0,85240333.0,85240333.0,
SMAL,2014-04-23,Россети ап,RSTIP,1.0,469.28,0.6704,0.6704,0.6704,,0.6704,0.6704,700.0,,,,0.0,0.0,0.0,
TQBS,2014-04-23,Россети ап,RSTIP,74.0,389131.9,0.69,0.6877,0.6995,0.6901,0.6912,0.6901,563000.0,,0.6912,,0.0,501840.5,0.0,
SMAL,2014-04-23,Ростел -ао,RTKM,14.0,2581.93,77.02,77.02,80.0,,78.24,78.06,33.0,,,,0.0,0.0,0.0,
TQBR,2014-04-23,Ростел -ао,RTKM,6304.0,141638123.1,79.78,78.1,79.91,78.25,78.51,78.25,1804070.0,78.51,78.51,78.51,141598233.1,141598233.1,141598233.1,
SMAL,2014-04-23,Ростел -ап,RTKMP,3.0,3981.4,50.04,49.08,50.2,,49.15,50.2,81.0,,,,0.0,0.0,0.0,
TQBR,2014-04-23,Ростел -ап,RTKMP,692.0,27419944.0,50.24,49.54,50.25,50.0,49.93,50.0,549200.0,49.93,49.93,49.93,27419944.0,27419944.0,27419944.0,
TQNL,2014-04-23,ПИФАрсЖС,RU000A0JC5V1,4.0,81702.0,1930.4,1930.4,2249.0,2249.0,2042.6,2249.0,40.0,2064.6,2064.6,2064.6,505829.5,505829.5,505829.5,
TQNL,2014-04-23,РодПростор,RU000A0JNFU5,1.0,62635.0,62635.0,62635.0,62635.0,62635.0,62635.0,62635.0,1.0,62598.0,62593.0,62598.0,813770.0,751115.0,813770.0,
TQBR,2014-04-23,ЗПИФ КапВл,RU000A0JNUM1,24.0,418727.0,160.01,160.0,162.0,160.0,161.05,160.0,2600.0,,161.39,,0.0,758547.0,0.0,
TQNE,2014-04-23,ПИФБКСММВБ,RU000A0JP773,1.0,1231.6,1231.6,1231.6,1231.6,1231.6,1231.6,1231.6,1.0,,,,0.0,0.0,0.0,
TQNE,2014-04-23,ПИФГлобМет,RU000A0JPMG5,2.0,5189.0,1037.8,1037.8,1037.8,1037.8,1037.8,1037.8,5.0,,,,0.0,0.0,0.0,
TQNE,2014-04-23,ПИФПанИнв,RU000A0JQVQ3,2.0,106459.6,855.5,855.5,861.9,861.9,858.5,861.9,124.0,862.9,862.0,862.9,1036384.9,786159.0,1036384.9,
TQBS,2014-04-23,ПИФМАМаунт,RU000A0JR5E0,52.0,271564.9,999.9,901.0,1000.0,987.2,987.5,980.0,275.0,,988.4,,0.0,513988.8,0.0,
TQNL,2014-04-23,ПИФОтрИнв,RU000A0JREU9,1.0,249775.0,9991.0,9991.0,9991.0,9991.0,9991.0,9991.0,25.0,9992.0,9992.0,9992.0,2497925.0,2497925.0,2497925.0,
TQNL,2014-04-23,ПИФУнСтрат,RU000A0JRHK3,1.0,249700.0,9988.0,9988.0,9988.0,9988.0,9988.0,9988.0,25.0,9989.0,9989.0,9989.0,2497225.0,2497225.0,2497225.0,
TQNL,2014-04-23,ПИФТехРост,RU000A0JRHL1,1.0,249750.0,9990.0,9990.0,9990.0,9990.0,9990.0,9990.0,25.0,9991.0,9991.0,9991.0,2497725.0,2497725.0,2497725.0,
TQNE,2014-04-23,ПИФРаздМКМ,RU000A0JS8S3,4.0,207010.0,348.5,348.5,355.0,353.0,350.9,353.0,590.0,404.0,376.0,404.0,1009894.5,600031.9,1009894.5,
TQNE,2014-04-23,ПИФРегнКН,RU000A0JSAB5,2.0,643350.0,2144.5,2144.5,2144.5,2144.5,2144.5,2144.5,300.0,2145.5,2145.5,2145.5,3218250.0,3218250.0,3218250.0,
TQNE,2014-04-23,ПИФЗемлБаз,RU000A0JSY41,1.0,53090.1,1001.7,1001.7,1001.7,1001.7,1001.7,1001.7,53.0,1002.6,1002.6,1002.6,1353558.5,1353558.5,1353558.5,
TQNL,2014-04-23,Кольчуга,RU000A0JTCK0,2.0,384200.0,19210.0,19210.0,19210.0,19210.0,19210.0,19210.0,20.0,19210.0,19210.0,19210.0,1921000.0,1921000.0,1921000.0,
TQNE,2014-04-23,Прометей,RU000A0JU1G9,1.0,50520.0,1010.4,1010.4,1010.4,1010.4,1010.4,1010.4,50.0,1010.3,1010.3,1010.3,1414395.0,1414395.0,1414395.0,
TQBR,2014-04-23,ИСУ-КП,RU000A0JUHS0,24.0,109929183.6,1120.6,1120.6,1126.2,1123.4,1123.4,1123.4,97854.0,1123.4,1123.4,1123.4,109929183.6,109929183.6,109929183.6,
SMAL,2014-04-23,Русал рдр,RUALR,1.0,151.0,151.0,151.0,151.0,,151.0,151.0,1.0,,,,0.0,0.0,0.0,
TQBR,2014-04-23,Русал рдр,RUALR,345.0,5787478.9,149.95,149.95,153.59,152.43,151.78,152.0,38130.0,151.81,151.81,151.81,5717002.4,5717002.4,5717002.4,
TQNE,2014-04-23,Русгрэйн,RUGR,8.0,3571.9,7.99,7.9,8.43,8.43,7.94,8.43,450.0,,8.2,,0.0,505104.2,0.0,
TQNE,2014-04-23,ИКРУСС-ИНВ,RUSI,4.0,81030.0,35.24,35.22,35.25,35.25,35.23,35.25,2300.0,,35.084,,0.0,568353.0,0.0,
TQNE,2014-04-23,СамарЭн-ао,SAGO,6.0,211601.0,0.2301,0.23,0.2301,0.23,0.23,0.23,920000.0,,0.2315,,0.0,502252.0,0.0,
TQNE,2014-04-23,СамарЭн-ап,SAGOP,1.0,2692.0,0.2692,0.2692,0.2692,0.2692,0.2692,0.2692,10000.0,,0.2404,,0.0,511983.0,0.0,
TQNE,2014-04-23,СаратЭн-ап,SAREP,3.0,291749.9,0.029,0.02499,0.029,0.02897,0.02897,0.025,10070000.0,,0.02797,,0.0,592216.7,0.0,
SMAL,2014-04-23,Сбербанк,SBER,8.0,3247.13,75.7,74.75,76.03,,75.51,75.78,43.0,,,,0.0,0.0,0.0,
TQBR,2014-04-23,Сбербанк,SBER,130342.0,10096596348.4,76.2,75.12,76.51,75.56,75.75,75.56,133283600.0,75.75,75.75,75.75,10091753076.4,10091753076.4,10091753076.4,
SMAL,2014-04-23,Сбербанк-п,SBERP,37.0,24133.85,59.32,59.32,59.99,,59.59,59.99,405.0,,,,0.0,0.0,0.0,
TQBR,2014-04-23,Сбербанк-п,SBERP,9864.0,1073710477.0,60.2,59.12,60.3,59.8,59.71,59.8,17981200.0,59.71,59.71,59.71,1073036237.0,1073036237.0,1073036237.0,
TQNE,2014-04-23,Селестра,SELL,1.0,847.0,847.0,847.0,847.0,847.0,847.0,847.0,1.0,,810.3,,0.0,1225919.9,0.0,
TQNL,2014-04-23,СЭМЗ ао,SEMZ,327.0,752376.8,16.68,16.26,17.36,16.64,16.83,16.69,44700.0,16.83,16.83,16.83,752210.0,752210.0,752210.0,
TQNE,2014-04-23,Газпрнефть,SIBN,535.0,8474457.0,141.74,141.0,142.46,141.0,141.34,141.0,59960.0,141.34,141.34,141.34,8474457.0,8474457.0,8474457.0,
SMAL,2014-04-23,Сургнфгз,SNGS,4.0,602.53,25.15,25.1,25.15,,25.105,25.15,24.0,,,,0.0,0.0,0.0,
TQNL,2014-04-23,Сургнфгз,SNGS,8489.0,396972129.5,25.38,25.075,25.403,25.206,25.178,25.206,15766500.0,25.178,25.178,25.178,396972129.5,396972129.5,396972129.5,
SMAL,2014-04-23,Сургнфгз-п,SNGSP,9.0,2620.44,24.518,24.4,24.596,,24.49,24.461,107.0,,,,0.0,0.0,0.0,
TQNL,2014-04-23,Сургнфгз-п,SNGSP,8579.0,369967590.9,24.47,24.3,24.507,24.43,24.413,24.43,15154300.0,24.413,24.413,24.413,369468402.9,369468402.9,369468402.9,
TQNE,2014-04-23,СтаврЭнСбп,STSBP,5.0,746.5,0.0823,0.082,0.0847,0.0846,0.0829,0.0846,9000.0,,0.0847,,0.0,517601.2,0.0,
TQNL,2014-04-23,СОЛЛЕРС,SVAV,93.0,1982730.0,520.6,520.0,527.3,525.1,524.5,525.1,3780.0,524.5,524.5,524.5,1982730.0,1982730.0,1982730.0,
TQNE,2014-04-23,СвердЭС ап,SVSBP,67.0,268176.8,0.4001,0.3999,0.45,0.4,0.4069,0.4,659000.0,,0.4112,,0.0,503282.6,0.0,
TQNE,2014-04-23,Новопл ап,SXPNP,3.0,201030.0,40206.0,40206.0,40206.0,40206.0,40206.0,40206.0,5.0,40240.0,40240.0,40240.0,885284.0,885284.0,885284.0,
TQNL,2014-04-23,Белуга ао,SYNG,2.0,4717.8,524.2,524.2,524.2,524.2,524.2,524.2,9.0,,561.8,,0.0,517951.8,0.0,
TQNL,2014-04-23,ТРАНСАЭРао,TAER,28.0,5478981.0,185.65,184.5,190.0,185.55,184.54,190.0,29690.0,184.54,184.54,184.54,5478981.0,5478981.0,5478981.0,
TQNE,2014-04-23,ТАНТАЛ ао,TANL,97.0,21752.9,20.28,19.09,21.43,20.29,19.96,20.29,1090.0,,19.83,,0.0,500206.8,0.0,
SMAL,2014-04-23,Татнфт 3ао,TATN,2.0,1884.11,206.51,206.51,209.7,,209.35,209.7,9.0,,,,0.0,0.0,0.0,
TQBR,2014-04-23,Татнфт 3ао,TATN,7683.0,361853483.4,208.22,207.5,210.94,209.75,208.85,209.75,1732630.0,208.85,208.85,208.85,361845154.6,361845154.6,361845154.6,
SMAL,2014-04-23,Татнфт 3ап,TATNP,3.0,847.65,121.35,121.01,121.35,,121.09,121.01,7.0,,,,0.0,0.0,0.0,
TQBR,2014-04-23,Татнфт 3ап,TATNP,415.0,53811434.2,121.31,120.6,121.49,121.25,121.13,121.15,444250.0,121.13,121.13,121.13,53811434.2,53811434.2,53811434.2,
SMAL,2014-04-23,ТГК-1,TGKA,9.0,806.21,0.0065,0.0065,0.006503,,0.006501,0.006503,124016.0,,,,0.0,0.0,0.0,
TQBR,2014-04-23,ТГК-1,TGKA,67.0,284347.9,0.00684,0.006557,0.006862,0.00661,0.006628,0.00661,42900000.0,,0.006694,,0.0,2783278.2,0.0,
SMAL,2014-04-23,ТГК-2,TGKB,7.0,510.9,0.000876,0.000875,0.000876,,0.000876,0.000875,583298.0,,,,0.0,0.0,0.0,
TQNL,2014-04-23,ТГК-2,TGKB,29.0,173552.0,0.000908,0.0009,0.000923,0.0009,0.000904,0.0009,192000000.0,,0.00091,,0.0,501217.0,0.0,
SMAL,2014-04-23,Квадра,TGKD,5.0,101.68,0.002401,0.002401,0.002459,,0.002407,0.002459,42247.0,,,,0.0,0.0,0.0,
TQBS,2014-04-23,Квадра,TGKD,25.0,347548.7,0.0025,0.002483,0.00252,0.0025,0.002499,0.0025,139100000.0,,0.002499,,0.0,519861.8,0.0,
SMAL,2014-04-23,Квадра-п,TGKDP,1.0,0.24,0.0027,0.0027,0.0027,,0.002667,0.0027,90.0,,,,0.0,0.0,0.0,
TQNE,2014-04-23,Квадра-п,TGKDP,34.0,10660.5,0.002981,0.002805,0.002981,0.002827,0.002881,0.002849,3700000.0,,0.002989,,0.0,506342.4,0.0,
SMAL,2014-04-23,ТГК-5,TGKE,7.0,70.42,0.001601,0.001601,0.001602,,0.001601,0.001602,43983.0,,,,0.0,0.0,0.0,
TQNL,2014-04-23,ТГК-5,TGKE,93.0,389867.2,0.001726,0.001626,0.00174,0.00174,0.001711,0.00174,227800000.0,,0.001715,,0.0,516333.7,0.0,
SMAL,2014-04-23,ТГК-6,TGKF,4.0,120.83,0.00155,0.00155,0.0017,,0.001664,0.0017,72617.0,,,,0.0,0.0,0.0,
TQNL,2014-04-23,ТГК-6,TGKF,42.0,1385550.6,0.001745,0.001735,0.001745,0.001745,0.001741,0.001745,795700000.0,0.001741,0.001741,0.001741,1385550.6,1385550.6,1385550.6,
SMAL,2014-04-23,ТГК-9,TGKI,7.0,4427.38,0.00275,0.00275,0.002801,,0.002765,0.002801,1601139.0,,,,0.0,0.0,0.0,
TQNL,2014-04-23,ТГК-9,TGKI,25.0,578896.0,0.002982,0.002982,0.003007,0.003007,0.002999,0.003007,193000000.0,0.002999,0.002999,0.002999,578896.0,578896.0,578896.0,
SMAL,2014-04-23,ТГК-14,TGKN,6.0,704.28,0.001296,0.001012,0.001296,,0.001128,0.001233,624286.0,,,,0.0,0.0,0.0,
SMAL,2014-04-23,ТРК ао,TORS,1.0,644.02,0.4089,0.4089,0.4089,,0.4089,0.4089,1575.0,,,,0.0,0.0,0.0,
TQNE,2014-04-23,ТРК ао,TORS,1.0,4800.0,0.48,0.48,0.48,0.48,0.48,0.48,10000.0,,0.4816,,0.0,597150.0,0.0,
TQNE,2014-04-23,ТРК ап,TORSP,6.0,50156.0,0.19,0.185,0.19,0.185,0.1858,0.185,270000.0,,0.1867,,0.0,507921.0,0.0,
SMAL,2014-04-23,ТМК ао,TRMK,1.0,146.04,73.02,73.02,73.02,,73.02,73.02,2.0,,,,0.0,0.0,0.0,
TQBR,2014-04-23,ТМК ао,TRMK,50.0,207559.7,76.66,73.15,76.66,73.24,73.34,73.15,2830.0,,73.74,,0.0,505131.8,0.0,
TQBR,2014-04-23,Транснф ап,TRNFP,1523.0,189139315.0,80419.0,80002.0,80928.0,80387.0,80519.0,80387.0,2349.0,80519.0,80519.0,80519.0,189139315.0,189139315.0,189139315.0,
TQNE,2014-04-23,Труд ап,TRUDP,3.0,220000.0,40.0,40.0,40.0,40.0,40.0,40.0,5500.0,,40.08,,0.0,561125.0,0.0,
TQNE,2014-04-23,Таттел. ао,TTLK,3.0,32254.7,0.15344,0.15344,0.15498,0.15498,0.15359,0.15498,210000.0,,0.15242,,0.0,502978.2,0.0,
TQNE,2014-04-23,ТКСМ ао,TUCH,243.0,342892.5,1.59,1.55,1.64,1.59,1.6,1.59,214930.0,,1.58,,0.0,517154.3,0.0,
TQNE,2014-04-23,УАЗ ао,UAZA,33.0,434153.9,1.6505,1.6503,1.8895,1.85,1.8319,1.85,237000.0,,1.8128,,0.0,509384.8,0.0,
TQNE,2014-04-23,ЮжКузб. ао,UKUZ,3.0,5550.0,790.0,790.0,800.0,800.0,792.9,800.0,7.0,,799.8,,0.0,527043.0,0.0,
TQNL,2014-04-23,iАвиастКао,UNAC,58.0,137453.4,0.10442,0.10351,0.1066,0.10558,0.10493,0.1066,1310000.0,,0.10466,,0.0,551556.6,0.0,
TQNE,2014-04-23,ЮУНК ао,UNKL,2.0,136374.0,1350.0,1350.0,1374.0,1374.0,1350.2,1374.0,101.0,,1284.4,,0.0,536887.0,0.0,
SMAL,2014-04-23,Уркалий-ао,URKA,1.0,322.0,161.0,161.0,161.0,,161.0,161.0,2.0,,,,0.0,0.0,0.0,
TQBR,2014-04-23,Уркалий-ао,URKA,7234.0,292016271.6,160.32,158.0,161.04,158.0,159.16,158.0,1834700.0,159.16,159.16,159.16,292006652.4,292006652.4,292006652.4,
TQNE,2014-04-23,УралСиб ао,USBN,3.0,1668.3,0.03491,0.03298,0.03491,0.03298,0.03337,0.03298,50000.0,,0.03109,,0.0,513598.6,0.0,
TQBR,2014-04-23,ЮТэйр ао,UTAR,7.0,603505.6,23.6,23.6,24.099,23.751,23.76,23.751,25400.0,23.994,23.814,23.994,55938652.9,1181181.6,55938652.9,
TQNE,2014-04-23,Ютинет.Ру,UTII,13.0,124723.8,44.0,43.5,44.01,44.01,43.92,44.01,2840.0,,43.98,,0.0,526865.9,0.0,
TQNE,2014-04-23,ВХЗ-ао,VLHZ,1.0,1653.6,165.36,165.36,165.36,165.36,165.36,165.36,10.0,,160.33,,0.0,501848.4,0.0,
SMAL,2014-04-23,ВостРАО ао,VRAO,5.0,839.25,0.13642,0.13642,0.1455,,0.13788,0.1455,6087.0,,,,0.0,0.0,0.0,
TQNL,2014-04-23,ВостРАО ао,VRAO,55.0,347315.8,0.1354,0.13334,0.14984,0.1475,0.14411,0.1475,2410000.0,,0.14212,,0.0,527269.7,0.0,
SMAL,2014-04-23,ВостРАО ап,VRAOP,3.0,570.97,0.081,0.081,0.081,,0.081,0.081,7049.0,,,,0.0,0.0,0.0,
TQNE,2014-04-23,ВостРАО ап,VRAOP,2.0,8998.7,0.08987,0.08987,0.09,0.08999,0.08999,0.09,100000.0,,0.09333,,0.0,774668.0,0.0,
TQNL,2014-04-23,ВЕРОФАРМ,VRPH,22.0,1786926.8,1057.4,1057.3,1130.0,1110.0,1099.6,1110.0,1625.0,1099.6,1099.6,1099.6,1786926.8,1786926.8,1786926.8,
TQNL,2014-04-23,ВСМПО-АВСМ,VSMO,41.0,1490644.3,7200.1,7085.2,7350.0,7300.0,7271.4,7300.0,205.0,7271.4,7271.4,7271.4,1490644.3,1490644.3,1490644.3,
SMAL,2014-04-23,ВТБ ао,VTBR,15.0,940.63,0.03775,0.03775,0.03846,,0.03805,0.03846,24720.0,,,,0.0,0.0,0.0,
TQBR,2014-04-23,ВТБ ао,VTBR,24205.0,2550752275.8,0.03828,0.03792,0.03854,0.03834,0.03816,0.03834,66842570000.0,0.03816,0.03816,0.03816,2550560875.8,2550560875.8,2550560875.8,
SMAL,2014-04-23,ТПлюс ао,VTGK,7.0,1561.23,1.7001,1.7001,1.7017,,1.7007,1.7017,918.0,,,,0.0,0.0,0.0,
TQBS,2014-04-23,ТПлюс ао,VTGK,24.0,421431.3,1.7744,1.7603,1.8,1.7999,1.7857,1.7999,236000.0,,1.7989,,0.0,699786.2,0.0,
TQNE,2014-04-23,ВТОРРЕСао,VTRS,41.0,186493.8,10.94,10.039,10.94,10.353,10.78,10.353,17300.0,,10.901,,0.0,524344.8,0.0,
TQBR,2014-04-23,Возрожд-ао,VZRZ,38.0,1951373.7,379.1,375.1,379.1,378.0,378.0,378.0,5163.0,378.0,378.0,378.0,1951373.7,1951373.7,1951373.7,
SMAL,2014-04-23,Возрожд-п,VZRZP,1.0,101.0,101.0,101.0,101.0,,101.0,101.0,1.0,,,,0.0,0.0,0.0,
TQNE,2014-04-23,Возрожд-п,VZRZP,1.0,1034.8,103.48,103.48,103.48,103.48,103.48,103.48,10.0,,103.93,,0.0,1309563.9,0.0,
TQNL,2014-04-23,ЦМТ ао,WTCM,32.0,1932262.4,11.649,10.9,11.75,11.218,11.313,11.499,170800.0,11.313,11.313,11.313,1932262.4,1932262.4,1932262.4,
TQNE,2014-04-23,Якутскэнрг,YKEN,3.0,25306.0,0.1152,0.115,0.1152,0.115,0.115,0.115,220000.0,,0.1284,,0.0,500640.0,0.0,
TQNE,2014-04-23,Якутскэн-п,YKENP,1.0,13000.0,0.13,0.13,0.13,0.13,0.13,0.13,100000.0,,0.1306,,0.0,500075.0,0.0,
SMAL,2014-04-23,ТНСэнЯр,YRSB,2.0,2516.0,67.999,67.999,68.0,,68.0,68.0,37.0,,,,0.0,0.0,0.0,
TQNE,2014-04-23,ТНСэнЯр-п,YRSBP,4.0,34000.0,68.0,68.0,68.0,68.0,68.0,68.0,500.0,,69.18,,0.0,505020.0,0.0,
TQLV,2014-04-23,Живой Оф,ZHIV,29.0,1454942.0,97.0,95.8,97.0,96.17,96.04,97.0,15150.0,96.04,96.04,96.04,1454942.0,1454942.0,1454942.0,
TQNE,2014-04-23,ЗИЛ ао,ZILL,21.0,120920.2,545.02,530.02,580.0,530.02,549.64,530.02,220.0,,553.27,,0.0,503471.7,0.0,
TQNE,2014-04-23,ЗМЗ-ап,ZMZNP,1.0,16920.0,16.92,16.92,16.92,16.91,16.92,16.92,1000.0,,17.15,,0.0,514421.0,0.0,
